filepath,label
TACO_clean/Six pack rings/000054.JPG,Six pack rings
TACO_clean/Cigarette/IMG_4948.JPG,Cigarette
TACO_clean/Plastic straw/000095.jpg,Plastic straw
TACO_clean/Metal bottle cap/000062.JPG,Metal bottle cap
TACO_clean/Unlabeled litter/000072.JPG,Unlabeled litter
TACO_clean/Plastic film/000084.jpg,Plastic film
TACO_clean/Clear plastic bottle/000078.JPG,Clear plastic bottle
TACO_clean/Disposable plastic cup/IMG_5054.JPG,Disposable plastic cup
TACO_clean/Drink carton/000009.jpg,Drink carton
TACO_clean/Plastic straw/000020.jpg,Plastic straw
TACO_clean/Drink can/000057.JPG,Drink can
TACO_clean/Aluminium blister pack/000028.jpg,Aluminium blister pack
TACO_clean/Plastic straw/000026.jpg,Plastic straw
TACO_clean/Styrofoam piece/000120.JPG,Styrofoam piece
TACO_clean/Plastic bottle cap/000062.JPG,Plastic bottle cap
TACO_clean/Clear plastic bottle/000112.JPG,Clear plastic bottle
TACO_clean/Plastic straw/000065.jpg,Plastic straw
TACO_clean/Plastic bottle cap/IMG_4996.JPG,Plastic bottle cap
TACO_clean/Cigarette/000044.JPG,Cigarette
TACO_clean/Styrofoam piece/000018.JPG,Styrofoam piece
TACO_clean/Clear plastic bottle/000030.jpg,Clear plastic bottle
TACO_clean/Other plastic/000074.jpg,Other plastic
TACO_clean/Tissues/IMG_4950.JPG,Tissues
TACO_clean/Crisp packet/IMG_5040.JPG,Crisp packet
TACO_clean/Aluminium foil/000058.JPG,Aluminium foil
TACO_clean/Aluminium foil/IMG_4926.JPG,Aluminium foil
TACO_clean/Unlabeled litter/000030.jpg,Unlabeled litter
TACO_clean/Styrofoam piece/000068.jpg,Styrofoam piece
TACO_clean/Styrofoam piece/000008.jpg,Styrofoam piece
TACO_clean/Plastic utensils/000038.jpg,Plastic utensils
TACO_clean/Clear plastic bottle/IMG_4948.JPG,Clear plastic bottle
TACO_clean/Metal bottle cap/000080.jpg,Metal bottle cap
TACO_clean/Pop tab/000020.jpg,Pop tab
TACO_clean/Plastic utensils/000001.jpg,Plastic utensils
TACO_clean/Cigarette/000036.jpg,Cigarette
TACO_clean/Plastic bottle cap/000002.jpg,Plastic bottle cap
TACO_clean/Garbage bag/000073.jpg,Garbage bag
TACO_clean/Scrap metal/000019.jpg,Scrap metal
TACO_clean/Drink carton/000036.JPG,Drink carton
TACO_clean/Unlabeled litter/000005.jpg,Unlabeled litter
TACO_clean/Plastic straw/000097.jpg,Plastic straw
TACO_clean/Metal bottle cap/000047.jpg,Metal bottle cap
TACO_clean/Plastic bottle cap/IMG_4971.JPG,Plastic bottle cap
TACO_clean/Glass bottle/000099.jpg,Glass bottle
TACO_clean/Other plastic/000072.jpg,Other plastic
TACO_clean/Paper cup/000076.JPG,Paper cup
TACO_clean/Other plastic bottle/000110.JPG,Other plastic bottle
TACO_clean/Other plastic wrapper/000013.jpg,Other plastic wrapper
TACO_clean/Clear plastic bottle/000000.jpg,Clear plastic bottle
TACO_clean/Other plastic wrapper/000001.JPG,Other plastic wrapper
TACO_clean/Plastic straw/000075.jpg,Plastic straw
TACO_clean/Unlabeled litter/IMG_4881.JPG,Unlabeled litter
TACO_clean/Paper bag/000077.JPG,Paper bag
TACO_clean/Other plastic wrapper/000099.jpg,Other plastic wrapper
TACO_clean/Cigarette/000048.JPG,Cigarette
TACO_clean/Pop tab/000017.JPG,Pop tab
TACO_clean/Clear plastic bottle/000008.JPG,Clear plastic bottle
TACO_clean/Food Can/000024.JPG,Food Can
TACO_clean/Aerosol/000078.JPG,Aerosol
TACO_clean/Drink can/000103.JPG,Drink can
TACO_clean/Crisp packet/000067.jpg,Crisp packet
TACO_clean/Plastic straw/000072.JPG,Plastic straw
TACO_clean/Drink carton/000081.JPG,Drink carton
TACO_clean/Pop tab/000099.JPG,Pop tab
TACO_clean/Other plastic bottle/000047.jpg,Other plastic bottle
TACO_clean/Cigarette/000005.JPG,Cigarette
TACO_clean/Plastic film/000072.JPG,Plastic film
TACO_clean/Other plastic bottle/000077.jpg,Other plastic bottle
TACO_clean/Cigarette/000052.jpg,Cigarette
TACO_clean/Drink can/IMG_5057.JPG,Drink can
TACO_clean/Aluminium foil/000033.jpg,Aluminium foil
TACO_clean/Disposable plastic cup/IMG_4994.JPG,Disposable plastic cup
TACO_clean/Unlabeled litter/000024.jpg,Unlabeled litter
TACO_clean/Metal bottle cap/000063.jpg,Metal bottle cap
TACO_clean/Aluminium blister pack/000036.jpg,Aluminium blister pack
TACO_clean/Plastic film/IMG_4950.JPG,Plastic film
TACO_clean/Drink can/000083.jpg,Drink can
TACO_clean/Unlabeled litter/000031.jpg,Unlabeled litter
TACO_clean/Plastic straw/000067.jpg,Plastic straw
TACO_clean/Drink can/000099.JPG,Drink can
TACO_clean/Other plastic/000011.JPG,Other plastic
TACO_clean/Foam cup/000098.jpg,Foam cup
TACO_clean/Clear plastic bottle/000038.jpg,Clear plastic bottle
TACO_clean/Cigarette/000054.jpg,Cigarette
TACO_clean/Food Can/000045.jpg,Food Can
TACO_clean/Other plastic wrapper/IMG_5065.JPG,Other plastic wrapper
TACO_clean/Clear plastic bottle/000016.JPG,Clear plastic bottle
TACO_clean/Disposable plastic cup/000074.jpg,Disposable plastic cup
TACO_clean/Other plastic bottle/000128.JPG,Other plastic bottle
TACO_clean/Glass bottle/000055.JPG,Glass bottle
TACO_clean/Normal paper/000086.JPG,Normal paper
TACO_clean/Disposable food container/000016.jpg,Disposable food container
TACO_clean/Paper cup/000032.jpg,Paper cup
TACO_clean/Drink can/000030.jpg,Drink can
TACO_clean/Cigarette/000031.jpg,Cigarette
TACO_clean/Drink can/000107.JPG,Drink can
TACO_clean/Glass bottle/000119.JPG,Glass bottle
TACO_clean/Aluminium foil/000035.jpg,Aluminium foil
TACO_clean/Other plastic wrapper/000087.jpg,Other plastic wrapper
TACO_clean/Other plastic wrapper/000059.jpg,Other plastic wrapper
TACO_clean/Plastic straw/000048.jpg,Plastic straw
TACO_clean/Styrofoam piece/000005.jpg,Styrofoam piece
TACO_clean/Plastic straw/000051.JPG,Plastic straw
TACO_clean/Garbage bag/000055.jpg,Garbage bag
TACO_clean/Other plastic/000063.jpg,Other plastic
TACO_clean/Clear plastic bottle/000057.jpg,Clear plastic bottle
TACO_clean/Plastic straw/IMG_4967.JPG,Plastic straw
TACO_clean/Pop tab/000025.jpg,Pop tab
TACO_clean/Drink carton/000067.jpg,Drink carton
TACO_clean/Drink can/000016.JPG,Drink can
TACO_clean/Aerosol/000055.jpg,Aerosol
TACO_clean/Paper cup/000031.JPG,Paper cup
TACO_clean/Normal paper/IMG_4934.JPG,Normal paper
TACO_clean/Glass bottle/000081.jpg,Glass bottle
TACO_clean/Other plastic wrapper/000067.jpg,Other plastic wrapper
TACO_clean/Other plastic/000095.jpg,Other plastic
TACO_clean/Clear plastic bottle/000045.jpg,Clear plastic bottle
TACO_clean/Unlabeled litter/000077.jpg,Unlabeled litter
TACO_clean/Aluminium foil/000068.JPG,Aluminium foil
TACO_clean/Drink can/000041.jpg,Drink can
TACO_clean/Food Can/000038.jpg,Food Can
TACO_clean/Polypropylene bag/000062.jpg,Polypropylene bag
TACO_clean/Plastic lid/000035.JPG,Plastic lid
TACO_clean/Disposable plastic cup/000050.JPG,Disposable plastic cup
TACO_clean/Paper straw/IMG_4922.JPG,Paper straw
TACO_clean/Paper bag/000056.jpg,Paper bag
TACO_clean/Other plastic/000010.jpg,Other plastic
TACO_clean/Clear plastic bottle/000088.jpg,Clear plastic bottle
TACO_clean/Plastic lid/000077.jpg,Plastic lid
TACO_clean/Disposable food container/000028.jpg,Disposable food container
TACO_clean/Six pack rings/000099.JPG,Six pack rings
TACO_clean/Disposable plastic cup/000059.jpg,Disposable plastic cup
TACO_clean/Aluminium foil/000005.JPG,Aluminium foil
TACO_clean/Clear plastic bottle/000062.JPG,Clear plastic bottle
TACO_clean/Pop tab/IMG_4919.JPG,Pop tab
TACO_clean/Cigarette/000114.JPG,Cigarette
TACO_clean/Drink can/000053.jpg,Drink can
TACO_clean/Plastic film/000033.jpg,Plastic film
TACO_clean/Other plastic wrapper/000097.JPG,Other plastic wrapper
TACO_clean/Plastic bottle cap/000059.jpg,Plastic bottle cap
TACO_clean/Wrapping paper/000002.jpg,Wrapping paper
TACO_clean/Unlabeled litter/000007.jpg,Unlabeled litter
TACO_clean/Plastic film/000110.JPG,Plastic film
TACO_clean/Plastic bottle cap/000050.jpg,Plastic bottle cap
TACO_clean/Clear plastic bottle/000103.JPG,Clear plastic bottle
TACO_clean/Cigarette/000008.jpg,Cigarette
TACO_clean/Aerosol/000104.JPG,Aerosol
TACO_clean/Metal bottle cap/000079.jpg,Metal bottle cap
TACO_clean/Plastic film/000071.jpg,Plastic film
TACO_clean/Drink carton/000050.jpg,Drink carton
TACO_clean/Foam cup/000032.jpg,Foam cup
TACO_clean/Normal paper/000007.jpg,Normal paper
TACO_clean/Broken glass/000053.jpg,Broken glass
TACO_clean/Glass bottle/IMG_4941.JPG,Glass bottle
TACO_clean/Styrofoam piece/000046.jpg,Styrofoam piece
TACO_clean/Paper cup/000000.jpg,Paper cup
TACO_clean/Meal carton/000039.jpg,Meal carton
TACO_clean/Paper bag/000079.JPG,Paper bag
TACO_clean/Metal bottle cap/000097.jpg,Metal bottle cap
TACO_clean/Other plastic wrapper/000129.JPG,Other plastic wrapper
TACO_clean/Normal paper/000098.jpg,Normal paper
TACO_clean/Plastic film/IMG_4874.JPG,Plastic film
TACO_clean/Other plastic bottle/000033.jpg,Other plastic bottle
TACO_clean/Plastic straw/000004.jpg,Plastic straw
TACO_clean/Other plastic wrapper/000007.jpg,Other plastic wrapper
TACO_clean/Plastic film/000016.jpg,Plastic film
TACO_clean/Plastic film/000113.JPG,Plastic film
TACO_clean/Cigarette/000068.JPG,Cigarette
TACO_clean/Corrugated carton/000129.JPG,Corrugated carton
TACO_clean/Paper cup/000048.JPG,Paper cup
TACO_clean/Cigarette/000000.jpg,Cigarette
TACO_clean/Drink can/000110.JPG,Drink can
TACO_clean/Plastic straw/IMG_5054.JPG,Plastic straw
TACO_clean/Unlabeled litter/000108.JPG,Unlabeled litter
TACO_clean/Single-use carrier bag/000016.jpg,Single-use carrier bag
TACO_clean/Other plastic wrapper/000021.jpg,Other plastic wrapper
TACO_clean/Food waste/000119.JPG,Food waste
TACO_clean/Other plastic wrapper/000020.JPG,Other plastic wrapper
TACO_clean/Drink carton/000063.jpg,Drink carton
TACO_clean/Plastic bottle cap/000091.jpg,Plastic bottle cap
TACO_clean/Unlabeled litter/000008.jpg,Unlabeled litter
TACO_clean/Plastic straw/000090.JPG,Plastic straw
TACO_clean/Tissues/000032.JPG,Tissues
TACO_clean/Meal carton/000017.JPG,Meal carton
TACO_clean/Glass bottle/000040.jpg,Glass bottle
TACO_clean/Other plastic wrapper/000082.jpg,Other plastic wrapper
TACO_clean/Plastic bottle cap/000023.jpg,Plastic bottle cap
TACO_clean/Cigarette/IMG_4881.JPG,Cigarette
TACO_clean/Drink can/000075.JPG,Drink can
TACO_clean/Paper bag/000032.jpg,Paper bag
TACO_clean/Cigarette/000080.jpg,Cigarette
TACO_clean/Normal paper/000085.JPG,Normal paper
TACO_clean/Single-use carrier bag/000055.jpg,Single-use carrier bag
TACO_clean/Clear plastic bottle/000059.jpg,Clear plastic bottle
TACO_clean/Other plastic/000005.jpg,Other plastic
TACO_clean/Spread tub/000056.JPG,Spread tub
TACO_clean/Normal paper/000023.jpg,Normal paper
TACO_clean/Styrofoam piece/000020.JPG,Styrofoam piece
TACO_clean/Normal paper/000060.jpg,Normal paper
TACO_clean/Plastic film/IMG_5049.JPG,Plastic film
TACO_clean/Aerosol/000059.jpg,Aerosol
TACO_clean/Glass bottle/000101.JPG,Glass bottle
TACO_clean/Other carton/000062.jpg,Other carton
TACO_clean/Plastic film/000115.JPG,Plastic film
TACO_clean/Other plastic/000042.JPG,Other plastic
TACO_clean/Other plastic/000008.jpg,Other plastic
TACO_clean/Garbage bag/000078.JPG,Garbage bag
TACO_clean/Disposable plastic cup/000064.JPG,Disposable plastic cup
TACO_clean/Other plastic wrapper/000022.jpg,Other plastic wrapper
TACO_clean/Other carton/000083.JPG,Other carton
TACO_clean/Glass bottle/000089.jpg,Glass bottle
TACO_clean/Styrofoam piece/000029.jpg,Styrofoam piece
TACO_clean/Single-use carrier bag/000009.jpg,Single-use carrier bag
TACO_clean/Other plastic bottle/000021.jpg,Other plastic bottle
TACO_clean/Plastic film/IMG_4856.JPG,Plastic film
TACO_clean/Plastic film/IMG_5067.JPG,Plastic film
TACO_clean/Foam food container/000031.JPG,Foam food container
TACO_clean/Paper cup/000053.JPG,Paper cup
TACO_clean/Clear plastic bottle/000091.JPG,Clear plastic bottle
TACO_clean/Other carton/000021.jpg,Other carton
TACO_clean/Foam food container/000039.JPG,Foam food container
TACO_clean/Plastic lid/IMG_5050.JPG,Plastic lid
TACO_clean/Squeezable tube/000105.JPG,Squeezable tube
TACO_clean/Single-use carrier bag/000057.JPG,Single-use carrier bag
TACO_clean/Metal bottle cap/000088.jpg,Metal bottle cap
TACO_clean/Disposable plastic cup/000056.jpg,Disposable plastic cup
TACO_clean/Plastic utensils/000049.JPG,Plastic utensils
TACO_clean/Disposable plastic cup/000022.jpg,Disposable plastic cup
TACO_clean/Normal paper/000035.jpg,Normal paper
TACO_clean/Unlabeled litter/IMG_4887.JPG,Unlabeled litter
TACO_clean/Rope & strings/000111.JPG,Rope & strings
TACO_clean/Paper cup/000009.JPG,Paper cup
TACO_clean/Drink can/000097.jpg,Drink can
TACO_clean/Other plastic wrapper/000040.jpg,Other plastic wrapper
TACO_clean/Disposable plastic cup/000055.jpg,Disposable plastic cup
TACO_clean/Other plastic/000026.jpg,Other plastic
TACO_clean/Other plastic/000101.JPG,Other plastic
TACO_clean/Drink carton/000073.JPG,Drink carton
TACO_clean/Wrapping paper/000008.jpg,Wrapping paper
TACO_clean/Plastic film/000007.jpg,Plastic film
TACO_clean/Paper cup/000030.JPG,Paper cup
TACO_clean/Clear plastic bottle/000074.jpg,Clear plastic bottle
TACO_clean/Disposable plastic cup/000060.JPG,Disposable plastic cup
TACO_clean/Paper straw/000101.JPG,Paper straw
TACO_clean/Disposable plastic cup/000038.JPG,Disposable plastic cup
TACO_clean/Drink can/000049.jpg,Drink can
TACO_clean/Unlabeled litter/000003.jpg,Unlabeled litter
TACO_clean/Glass bottle/000077.JPG,Glass bottle
TACO_clean/Rope & strings/000136.JPG,Rope & strings
TACO_clean/Clear plastic bottle/000018.JPG,Clear plastic bottle
TACO_clean/Other carton/000079.JPG,Other carton
TACO_clean/Meal carton/000096.JPG,Meal carton
TACO_clean/Cigarette/000051.jpg,Cigarette
TACO_clean/Disposable plastic cup/000096.jpg,Disposable plastic cup
TACO_clean/Plastic straw/000038.JPG,Plastic straw
TACO_clean/Styrofoam piece/000007.jpg,Styrofoam piece
TACO_clean/Crisp packet/000013.JPG,Crisp packet
TACO_clean/Foam food container/000063.JPG,Foam food container
TACO_clean/Plastic utensils/000029.jpg,Plastic utensils
TACO_clean/Other plastic/000062.JPG,Other plastic
TACO_clean/Garbage bag/000080.jpg,Garbage bag
TACO_clean/Clear plastic bottle/000043.jpg,Clear plastic bottle
TACO_clean/Metal bottle cap/000040.jpg,Metal bottle cap
TACO_clean/Broken glass/000096.jpg,Broken glass
TACO_clean/Paper straw/000059.jpg,Paper straw
TACO_clean/Glass bottle/000098.jpg,Glass bottle
TACO_clean/Drink can/IMG_4998.JPG,Drink can
TACO_clean/Unlabeled litter/000080.JPG,Unlabeled litter
TACO_clean/Disposable plastic cup/000093.JPG,Disposable plastic cup
TACO_clean/Foam cup/000118.JPG,Foam cup
TACO_clean/Drink can/IMG_4997.JPG,Drink can
TACO_clean/Plastic bottle cap/000036.jpg,Plastic bottle cap
TACO_clean/Cigarette/000035.jpg,Cigarette
TACO_clean/Plastic bottle cap/000053.jpg,Plastic bottle cap
TACO_clean/Other plastic/000039.jpg,Other plastic
TACO_clean/Aluminium foil/000124.JPG,Aluminium foil
TACO_clean/Single-use carrier bag/000058.jpg,Single-use carrier bag
TACO_clean/Paper cup/000043.JPG,Paper cup
TACO_clean/Styrofoam piece/000077.jpg,Styrofoam piece
TACO_clean/Plastic film/000049.JPG,Plastic film
TACO_clean/Crisp packet/000020.JPG,Crisp packet
TACO_clean/Unlabeled litter/000034.jpg,Unlabeled litter
TACO_clean/Normal paper/000088.jpg,Normal paper
TACO_clean/Disposable plastic cup/000004.jpg,Disposable plastic cup
TACO_clean/Food Can/000043.jpg,Food Can
TACO_clean/Shoe/000095.JPG,Shoe
TACO_clean/Clear plastic bottle/000048.jpg,Clear plastic bottle
TACO_clean/Six pack rings/000070.jpg,Six pack rings
TACO_clean/Paper cup/000055.JPG,Paper cup
TACO_clean/Single-use carrier bag/000003.jpg,Single-use carrier bag
TACO_clean/Styrofoam piece/000048.JPG,Styrofoam piece
TACO_clean/Plastic bottle cap/000079.jpg,Plastic bottle cap
TACO_clean/Crisp packet/IMG_5041.JPG,Crisp packet
TACO_clean/Single-use carrier bag/000004.jpg,Single-use carrier bag
TACO_clean/Plastic film/000080.jpg,Plastic film
TACO_clean/Plastic glooves/000037.JPG,Plastic glooves
TACO_clean/Other plastic/000031.jpg,Other plastic
TACO_clean/Other plastic wrapper/000066.jpg,Other plastic wrapper
TACO_clean/Plastic bottle cap/000078.jpg,Plastic bottle cap
TACO_clean/Unlabeled litter/000057.jpg,Unlabeled litter
TACO_clean/Cigarette/000042.JPG,Cigarette
TACO_clean/Rope & strings/000108.JPG,Rope & strings
TACO_clean/Clear plastic bottle/000135.JPG,Clear plastic bottle
TACO_clean/Metal bottle cap/000008.jpg,Metal bottle cap
TACO_clean/Styrofoam piece/000089.JPG,Styrofoam piece
TACO_clean/Plastic utensils/000051.jpg,Plastic utensils
TACO_clean/Metal bottle cap/IMG_4917.JPG,Metal bottle cap
TACO_clean/Disposable food container/IMG_4876.JPG,Disposable food container
TACO_clean/Normal paper/000039.jpg,Normal paper
TACO_clean/Clear plastic bottle/000072.jpg,Clear plastic bottle
TACO_clean/Other plastic container/IMG_5066.JPG,Other plastic container
TACO_clean/Drink can/IMG_4887.JPG,Drink can
TACO_clean/Meal carton/000036.JPG,Meal carton
TACO_clean/Normal paper/000094.jpg,Normal paper
TACO_clean/Plastic straw/000028.jpg,Plastic straw
TACO_clean/Plastic bottle cap/000006.jpg,Plastic bottle cap
TACO_clean/Clear plastic bottle/000053.jpg,Clear plastic bottle
TACO_clean/Clear plastic bottle/000029.jpg,Clear plastic bottle
TACO_clean/Drink can/000002.JPG,Drink can
TACO_clean/Other plastic wrapper/000004.jpg,Other plastic wrapper
TACO_clean/Other plastic wrapper/000049.jpg,Other plastic wrapper
TACO_clean/Other plastic wrapper/000091.jpg,Other plastic wrapper
TACO_clean/Plastic bottle cap/000026.jpg,Plastic bottle cap
TACO_clean/Cigarette/000027.jpg,Cigarette
TACO_clean/Other plastic bottle/000036.jpg,Other plastic bottle
TACO_clean/Normal paper/000053.jpg,Normal paper
TACO_clean/Other plastic wrapper/000029.jpg,Other plastic wrapper
TACO_clean/Aluminium foil/000041.JPG,Aluminium foil
TACO_clean/Plastic utensils/000047.jpg,Plastic utensils
TACO_clean/Clear plastic bottle/000066.JPG,Clear plastic bottle
TACO_clean/Styrofoam piece/000142.JPG,Styrofoam piece
TACO_clean/Disposable plastic cup/000021.JPG,Disposable plastic cup
TACO_clean/Metal bottle cap/000081.jpg,Metal bottle cap
TACO_clean/Single-use carrier bag/000054.JPG,Single-use carrier bag
TACO_clean/Glass bottle/000049.JPG,Glass bottle
TACO_clean/Plastic utensils/IMG_4961.JPG,Plastic utensils
TACO_clean/Styrofoam piece/000021.jpg,Styrofoam piece
TACO_clean/Unlabeled litter/000064.jpg,Unlabeled litter
TACO_clean/Paper cup/000072.JPG,Paper cup
TACO_clean/Unlabeled litter/000056.jpg,Unlabeled litter
TACO_clean/Tissues/000071.JPG,Tissues
TACO_clean/Other carton/IMG_5064.JPG,Other carton
TACO_clean/Paper cup/000041.JPG,Paper cup
TACO_clean/Unlabeled litter/IMG_4919.JPG,Unlabeled litter
TACO_clean/Other plastic bottle/000094.jpg,Other plastic bottle
TACO_clean/Cigarette/000050.jpg,Cigarette
TACO_clean/Disposable food container/IMG_4916.JPG,Disposable food container
TACO_clean/Other carton/000025.jpg,Other carton
TACO_clean/Plastic straw/000022.jpg,Plastic straw
TACO_clean/Clear plastic bottle/000024.jpg,Clear plastic bottle
TACO_clean/Cigarette/000057.jpg,Cigarette
TACO_clean/Tissues/000091.jpg,Tissues
TACO_clean/Other plastic/000009.jpg,Other plastic
TACO_clean/Disposable food container/000086.JPG,Disposable food container
TACO_clean/Clear plastic bottle/000095.jpg,Clear plastic bottle
TACO_clean/Metal bottle cap/000023.jpg,Metal bottle cap
TACO_clean/Normal paper/000040.jpg,Normal paper
TACO_clean/Drink can/000015.jpg,Drink can
TACO_clean/Clear plastic bottle/000061.jpg,Clear plastic bottle
TACO_clean/Styrofoam piece/000022.jpg,Styrofoam piece
TACO_clean/Disposable food container/000098.jpg,Disposable food container
TACO_clean/Metal bottle cap/000029.jpg,Metal bottle cap
TACO_clean/Unlabeled litter/000058.jpg,Unlabeled litter
TACO_clean/Glass bottle/000001.JPG,Glass bottle
TACO_clean/Paper cup/000086.JPG,Paper cup
TACO_clean/Other plastic bottle/000106.JPG,Other plastic bottle
TACO_clean/Metal bottle cap/000086.JPG,Metal bottle cap
TACO_clean/Disposable plastic cup/000120.JPG,Disposable plastic cup
TACO_clean/Plastic straw/000033.jpg,Plastic straw
TACO_clean/Drink carton/000016.jpg,Drink carton
TACO_clean/Cigarette/IMG_4862.JPG,Cigarette
TACO_clean/Plastic film/000048.jpg,Plastic film
TACO_clean/Styrofoam piece/000093.JPG,Styrofoam piece
TACO_clean/Plastic bottle cap/000096.JPG,Plastic bottle cap
TACO_clean/Unlabeled litter/000052.jpg,Unlabeled litter
TACO_clean/Glass bottle/000091.jpg,Glass bottle
TACO_clean/Metal bottle cap/000085.jpg,Metal bottle cap
TACO_clean/Disposable plastic cup/000082.JPG,Disposable plastic cup
TACO_clean/Plastic film/000014.jpg,Plastic film
TACO_clean/Drink can/IMG_4996.JPG,Drink can
TACO_clean/Cigarette/000095.jpg,Cigarette
TACO_clean/Unlabeled litter/000039.jpg,Unlabeled litter
TACO_clean/Food Can/000090.JPG,Food Can
TACO_clean/Plastic film/IMG_4876.JPG,Plastic film
TACO_clean/Shoe/000025.jpg,Shoe
TACO_clean/Cigarette/000084.JPG,Cigarette
TACO_clean/Corrugated carton/000002.JPG,Corrugated carton
TACO_clean/Other plastic wrapper/000074.jpg,Other plastic wrapper
TACO_clean/Plastic film/000027.jpg,Plastic film
TACO_clean/Plastic film/000061.jpg,Plastic film
TACO_clean/Pop tab/000086.JPG,Pop tab
TACO_clean/Disposable food container/000045.JPG,Disposable food container
TACO_clean/Paper cup/000059.jpg,Paper cup
TACO_clean/Cigarette/000033.JPG,Cigarette
TACO_clean/Plastic lid/000034.jpg,Plastic lid
TACO_clean/Unlabeled litter/000017.jpg,Unlabeled litter
TACO_clean/Corrugated carton/000005.jpg,Corrugated carton
TACO_clean/Magazine paper/IMG_5068.JPG,Magazine paper
TACO_clean/Other carton/IMG_4865.JPG,Other carton
TACO_clean/Other plastic/000096.jpg,Other plastic
TACO_clean/Normal paper/000076.jpg,Normal paper
TACO_clean/Other plastic wrapper/000093.jpg,Other plastic wrapper
TACO_clean/Drink can/000007.JPG,Drink can
TACO_clean/Cigarette/000065.JPG,Cigarette
TACO_clean/Drink can/000008.jpg,Drink can
TACO_clean/Pop tab/000038.jpg,Pop tab
TACO_clean/Clear plastic bottle/000087.jpg,Clear plastic bottle
TACO_clean/Aluminium foil/000088.JPG,Aluminium foil
TACO_clean/Plastic bottle cap/000048.jpg,Plastic bottle cap
TACO_clean/Tissues/000015.jpg,Tissues
TACO_clean/Cigarette/IMG_4941.JPG,Cigarette
TACO_clean/Other plastic/000022.jpg,Other plastic
TACO_clean/Plastic lid/000039.JPG,Plastic lid
TACO_clean/Broken glass/000097.jpg,Broken glass
TACO_clean/Plastic straw/000043.JPG,Plastic straw
TACO_clean/Plastic straw/000002.jpg,Plastic straw
TACO_clean/Cigarette/000007.jpg,Cigarette
TACO_clean/Paper bag/IMG_4939.JPG,Paper bag
TACO_clean/Corrugated carton/000012.jpg,Corrugated carton
TACO_clean/Crisp packet/000055.jpg,Crisp packet
TACO_clean/Plastic straw/000009.jpg,Plastic straw
TACO_clean/Corrugated carton/000050.jpg,Corrugated carton
TACO_clean/Cigarette/000039.JPG,Cigarette
TACO_clean/Metal bottle cap/000121.JPG,Metal bottle cap
TACO_clean/Corrugated carton/000001.jpg,Corrugated carton
TACO_clean/Drink can/000042.JPG,Drink can
TACO_clean/Crisp packet/000005.JPG,Crisp packet
TACO_clean/Drink can/000037.jpg,Drink can
TACO_clean/Other plastic wrapper/000028.jpg,Other plastic wrapper
TACO_clean/Paper cup/000036.jpg,Paper cup
TACO_clean/Plastic film/000060.jpg,Plastic film
TACO_clean/Other carton/IMG_4901.JPG,Other carton
TACO_clean/Plastic lid/000056.jpg,Plastic lid
TACO_clean/Other plastic/000073.jpg,Other plastic
TACO_clean/Other carton/000089.jpg,Other carton
TACO_clean/Plastic lid/000117.JPG,Plastic lid
TACO_clean/Paper cup/000077.jpg,Paper cup
TACO_clean/Pop tab/IMG_5055.JPG,Pop tab
TACO_clean/Plastic straw/000056.jpg,Plastic straw
TACO_clean/Plastic bottle cap/000044.JPG,Plastic bottle cap
TACO_clean/Other plastic/000047.JPG,Other plastic
TACO_clean/Drink carton/000045.JPG,Drink carton
TACO_clean/Tissues/000087.jpg,Tissues
TACO_clean/Aerosol/000054.jpg,Aerosol
TACO_clean/Pop tab/IMG_4978.JPG,Pop tab
TACO_clean/Clear plastic bottle/000098.JPG,Clear plastic bottle
TACO_clean/Other plastic wrapper/000088.jpg,Other plastic wrapper
TACO_clean/Styrofoam piece/000028.jpg,Styrofoam piece
TACO_clean/Magazine paper/000013.JPG,Magazine paper
TACO_clean/Aerosol/000037.JPG,Aerosol
TACO_clean/Other plastic/000057.jpg,Other plastic
TACO_clean/Other carton/000046.jpg,Other carton
TACO_clean/Clear plastic bottle/000090.jpg,Clear plastic bottle
TACO_clean/Wrapping paper/000011.jpg,Wrapping paper
TACO_clean/Plastic lid/000054.JPG,Plastic lid
TACO_clean/Unlabeled litter/000051.jpg,Unlabeled litter
TACO_clean/Plastic film/000106.JPG,Plastic film
TACO_clean/Other carton/000036.jpg,Other carton
TACO_clean/Egg carton/000047.jpg,Egg carton
TACO_clean/Styrofoam piece/000052.jpg,Styrofoam piece
TACO_clean/Tissues/000011.jpg,Tissues
TACO_clean/Disposable food container/000127.JPG,Disposable food container
TACO_clean/Unlabeled litter/IMG_5003.JPG,Unlabeled litter
TACO_clean/Corrugated carton/000054.jpg,Corrugated carton
TACO_clean/Normal paper/000114.JPG,Normal paper
TACO_clean/Unlabeled litter/000018.jpg,Unlabeled litter
TACO_clean/Drink can/000077.jpg,Drink can
TACO_clean/Disposable food container/000066.JPG,Disposable food container
TACO_clean/Pop tab/000076.jpg,Pop tab
TACO_clean/Clear plastic bottle/IMG_5036.JPG,Clear plastic bottle
TACO_clean/Plastic bottle cap/000054.jpg,Plastic bottle cap
TACO_clean/Drink can/000080.JPG,Drink can
TACO_clean/Other plastic bottle/000026.jpg,Other plastic bottle
TACO_clean/Clear plastic bottle/IMG_4996.JPG,Clear plastic bottle
TACO_clean/Plastic film/000047.jpg,Plastic film
TACO_clean/Clear plastic bottle/000012.jpg,Clear plastic bottle
TACO_clean/Disposable plastic cup/IMG_4922.JPG,Disposable plastic cup
TACO_clean/Plastic bottle cap/000080.JPG,Plastic bottle cap
TACO_clean/Other plastic/000033.jpg,Other plastic
TACO_clean/Other carton/000037.jpg,Other carton
TACO_clean/Plastic film/000120.JPG,Plastic film
TACO_clean/Glass bottle/000023.jpg,Glass bottle
TACO_clean/Plastic film/000021.JPG,Plastic film
TACO_clean/Broken glass/000085.JPG,Broken glass
TACO_clean/Aluminium foil/000061.jpg,Aluminium foil
TACO_clean/Clear plastic bottle/000052.JPG,Clear plastic bottle
TACO_clean/Paper cup/000006.jpg,Paper cup
TACO_clean/Plastic bottle cap/000065.JPG,Plastic bottle cap
TACO_clean/Drink carton/000092.JPG,Drink carton
TACO_clean/Plastic bottle cap/000081.JPG,Plastic bottle cap
TACO_clean/Corrugated carton/000011.jpg,Corrugated carton
TACO_clean/Crisp packet/000057.jpg,Crisp packet
TACO_clean/Clear plastic bottle/000069.JPG,Clear plastic bottle
TACO_clean/Tissues/000061.jpg,Tissues
TACO_clean/Garbage bag/000023.JPG,Garbage bag
TACO_clean/Unlabeled litter/000060.JPG,Unlabeled litter
TACO_clean/Plastic straw/000023.jpg,Plastic straw
TACO_clean/Plastic film/000099.jpg,Plastic film
TACO_clean/Single-use carrier bag/000028.jpg,Single-use carrier bag
TACO_clean/Unlabeled litter/000079.jpg,Unlabeled litter
TACO_clean/Plastic bottle cap/000071.jpg,Plastic bottle cap
TACO_clean/Corrugated carton/000073.jpg,Corrugated carton
TACO_clean/Normal paper/IMG_4893.JPG,Normal paper
TACO_clean/Wrapping paper/000032.JPG,Wrapping paper
TACO_clean/Other plastic wrapper/000056.jpg,Other plastic wrapper
TACO_clean/Other plastic/000023.jpg,Other plastic
TACO_clean/Foam cup/000044.JPG,Foam cup
TACO_clean/Food Can/000092.JPG,Food Can
TACO_clean/Plastic straw/000074.jpg,Plastic straw
TACO_clean/Single-use carrier bag/000049.JPG,Single-use carrier bag
TACO_clean/Pop tab/000035.jpg,Pop tab
TACO_clean/Other plastic bottle/000006.jpg,Other plastic bottle
TACO_clean/Other plastic/000018.JPG,Other plastic
TACO_clean/Foam cup/000064.JPG,Foam cup
TACO_clean/Pop tab/000041.JPG,Pop tab
TACO_clean/Drink can/000081.jpg,Drink can
TACO_clean/Disposable food container/000019.jpg,Disposable food container
TACO_clean/Glass bottle/000096.jpg,Glass bottle
TACO_clean/Other carton/000088.jpg,Other carton
TACO_clean/Other plastic wrapper/000047.jpg,Other plastic wrapper
TACO_clean/Plastic bottle cap/000075.jpg,Plastic bottle cap
TACO_clean/Other carton/000097.JPG,Other carton
TACO_clean/Plastic bottle cap/000019.jpg,Plastic bottle cap
TACO_clean/Other plastic/000070.jpg,Other plastic
TACO_clean/Crisp packet/000015.jpg,Crisp packet
TACO_clean/Glass bottle/000015.jpg,Glass bottle
TACO_clean/Tissues/000027.jpg,Tissues
TACO_clean/Other plastic bottle/000054.jpg,Other plastic bottle
TACO_clean/Unlabeled litter/000026.jpg,Unlabeled litter
TACO_clean/Disposable food container/000115.JPG,Disposable food container
TACO_clean/Paper cup/IMG_4854.JPG,Paper cup
TACO_clean/Meal carton/000040.jpg,Meal carton
TACO_clean/Aluminium foil/000051.JPG,Aluminium foil
TACO_clean/Glass jar/IMG_4914.JPG,Glass jar
TACO_clean/Plastic bottle cap/000008.jpg,Plastic bottle cap
TACO_clean/Other plastic/000085.jpg,Other plastic
TACO_clean/Plastic bottle cap/IMG_5053.JPG,Plastic bottle cap
TACO_clean/Other plastic wrapper/000044.jpg,Other plastic wrapper
TACO_clean/Paper cup/000033.JPG,Paper cup
TACO_clean/Glass bottle/000021.jpg,Glass bottle
TACO_clean/Battery/000104.JPG,Battery
TACO_clean/Paper bag/000022.jpg,Paper bag
TACO_clean/Disposable food container/000048.JPG,Disposable food container
TACO_clean/Drink can/IMG_4969.JPG,Drink can
TACO_clean/Plastic film/IMG_4859.JPG,Plastic film
TACO_clean/Other plastic/000065.jpg,Other plastic
TACO_clean/Tissues/000076.jpg,Tissues
TACO_clean/Garbage bag/000084.jpg,Garbage bag
TACO_clean/Corrugated carton/000014.jpg,Corrugated carton
TACO_clean/Other plastic wrapper/000025.jpg,Other plastic wrapper
TACO_clean/Paper cup/IMG_5054.JPG,Paper cup
TACO_clean/Cigarette/000076.JPG,Cigarette
TACO_clean/Glass bottle/000082.JPG,Glass bottle
TACO_clean/Plastic film/IMG_4966.JPG,Plastic film
TACO_clean/Disposable plastic cup/000000.JPG,Disposable plastic cup
TACO_clean/Other plastic/000053.jpg,Other plastic
TACO_clean/Glass bottle/000050.jpg,Glass bottle
TACO_clean/Plastic film/000068.jpg,Plastic film
TACO_clean/Disposable food container/IMG_5064.JPG,Disposable food container
TACO_clean/Glass bottle/000084.jpg,Glass bottle
TACO_clean/Disposable plastic cup/000094.jpg,Disposable plastic cup
TACO_clean/Styrofoam piece/000062.jpg,Styrofoam piece
TACO_clean/Normal paper/000072.JPG,Normal paper
TACO_clean/Drink can/000048.jpg,Drink can
TACO_clean/Paper bag/000090.jpg,Paper bag
TACO_clean/Paper bag/IMG_4941.JPG,Paper bag
TACO_clean/Unlabeled litter/000036.jpg,Unlabeled litter
TACO_clean/Plastic lid/000087.JPG,Plastic lid
TACO_clean/Tissues/000033.jpg,Tissues
TACO_clean/Other plastic/IMG_4883.JPG,Other plastic
TACO_clean/Normal paper/000048.JPG,Normal paper
TACO_clean/Plastic lid/000072.JPG,Plastic lid
TACO_clean/Aluminium foil/000013.JPG,Aluminium foil
TACO_clean/Pop tab/000114.JPG,Pop tab
TACO_clean/Other plastic container/000007.jpg,Other plastic container
TACO_clean/Plastic film/000019.jpg,Plastic film
TACO_clean/Unlabeled litter/000014.jpg,Unlabeled litter
TACO_clean/Drink can/000017.JPG,Drink can
TACO_clean/Corrugated carton/000000.jpg,Corrugated carton
TACO_clean/Cigarette/IMG_5060.JPG,Cigarette
TACO_clean/Drink can/000032.jpg,Drink can
TACO_clean/Other plastic bottle/000074.JPG,Other plastic bottle
TACO_clean/Meal carton/000087.jpg,Meal carton
TACO_clean/Plastic bottle cap/000032.JPG,Plastic bottle cap
TACO_clean/Plastic bottle cap/000009.jpg,Plastic bottle cap
TACO_clean/Aluminium foil/000095.jpg,Aluminium foil
TACO_clean/Plastic bottle cap/000103.JPG,Plastic bottle cap
TACO_clean/Crisp packet/000118.JPG,Crisp packet
TACO_clean/Metal bottle cap/000122.JPG,Metal bottle cap
TACO_clean/Disposable plastic cup/000076.jpg,Disposable plastic cup
TACO_clean/Drink can/000087.jpg,Drink can
TACO_clean/Unlabeled litter/000096.jpg,Unlabeled litter
TACO_clean/Unlabeled litter/IMG_4921.JPG,Unlabeled litter
TACO_clean/Paper cup/000005.JPG,Paper cup
TACO_clean/Clear plastic bottle/000025.jpg,Clear plastic bottle
TACO_clean/Cigarette/000123.JPG,Cigarette
TACO_clean/Unlabeled litter/000106.JPG,Unlabeled litter
TACO_clean/Other plastic bottle/000028.jpg,Other plastic bottle
TACO_clean/Plastic utensils/000015.jpg,Plastic utensils
TACO_clean/Aluminium foil/000017.JPG,Aluminium foil
TACO_clean/Glass bottle/000059.jpg,Glass bottle
TACO_clean/Pop tab/000029.jpg,Pop tab
TACO_clean/Metal bottle cap/000005.JPG,Metal bottle cap
TACO_clean/Other plastic/000094.JPG,Other plastic
TACO_clean/Styrofoam piece/000049.jpg,Styrofoam piece
TACO_clean/Meal carton/000050.JPG,Meal carton
TACO_clean/Clear plastic bottle/000037.jpg,Clear plastic bottle
TACO_clean/Unlabeled litter/IMG_4969.JPG,Unlabeled litter
TACO_clean/Egg carton/000032.jpg,Egg carton
TACO_clean/Plastic film/000103.JPG,Plastic film
TACO_clean/Aluminium foil/000037.jpg,Aluminium foil
TACO_clean/Unlabeled litter/000103.JPG,Unlabeled litter
TACO_clean/Pop tab/000028.jpg,Pop tab
TACO_clean/Plastic film/000067.jpg,Plastic film
TACO_clean/Normal paper/000062.JPG,Normal paper
TACO_clean/Disposable plastic cup/000046.jpg,Disposable plastic cup
TACO_clean/Other plastic wrapper/000032.jpg,Other plastic wrapper
TACO_clean/Drink can/000036.jpg,Drink can
TACO_clean/Single-use carrier bag/000095.JPG,Single-use carrier bag
TACO_clean/Clear plastic bottle/000004.jpg,Clear plastic bottle
TACO_clean/Other plastic/000061.JPG,Other plastic
TACO_clean/Single-use carrier bag/000069.jpg,Single-use carrier bag
TACO_clean/Squeezable tube/000104.JPG,Squeezable tube
TACO_clean/Unlabeled litter/000099.jpg,Unlabeled litter
TACO_clean/Drink can/000062.JPG,Drink can
TACO_clean/Toilet tube/000128.JPG,Toilet tube
TACO_clean/Normal paper/000095.jpg,Normal paper
TACO_clean/Clear plastic bottle/000060.JPG,Clear plastic bottle
TACO_clean/Other plastic/000052.jpg,Other plastic
TACO_clean/Cigarette/000002.JPG,Cigarette
TACO_clean/Plastic film/000025.jpg,Plastic film
TACO_clean/Other plastic/000088.jpg,Other plastic
TACO_clean/Clear plastic bottle/000099.jpg,Clear plastic bottle
TACO_clean/Other plastic/000134.JPG,Other plastic
TACO_clean/Clear plastic bottle/IMG_4932.JPG,Clear plastic bottle
TACO_clean/Glass bottle/000017.jpg,Glass bottle
TACO_clean/Other plastic/000127.JPG,Other plastic
TACO_clean/Clear plastic bottle/000073.JPG,Clear plastic bottle
TACO_clean/Garbage bag/000096.JPG,Garbage bag
TACO_clean/Tissues/000056.jpg,Tissues
TACO_clean/Paper cup/000017.jpg,Paper cup
TACO_clean/Other plastic/000034.jpg,Other plastic
TACO_clean/Other carton/000009.jpg,Other carton
TACO_clean/Paper cup/000022.jpg,Paper cup
TACO_clean/Plastic film/IMG_5037.JPG,Plastic film
TACO_clean/Clear plastic bottle/000021.jpg,Clear plastic bottle
TACO_clean/Meal carton/000115.JPG,Meal carton
TACO_clean/Rope & strings/000069.jpg,Rope & strings
TACO_clean/Crisp packet/000094.JPG,Crisp packet
TACO_clean/Other plastic bottle/000048.jpg,Other plastic bottle
TACO_clean/Other plastic/000078.jpg,Other plastic
TACO_clean/Tissues/000049.JPG,Tissues
TACO_clean/Metal bottle cap/000043.jpg,Metal bottle cap
TACO_clean/Other plastic wrapper/000069.JPG,Other plastic wrapper
TACO_clean/Corrugated carton/000088.jpg,Corrugated carton
TACO_clean/Other carton/000014.jpg,Other carton
TACO_clean/Other plastic/IMG_4967.JPG,Other plastic
TACO_clean/Plastic straw/000071.JPG,Plastic straw
TACO_clean/Other carton/000127.JPG,Other carton
TACO_clean/Disposable food container/000089.JPG,Disposable food container
TACO_clean/Paper cup/000035.jpg,Paper cup
TACO_clean/Clear plastic bottle/000028.jpg,Clear plastic bottle
TACO_clean/Plastic bottle cap/000099.jpg,Plastic bottle cap
TACO_clean/Plastic straw/000021.jpg,Plastic straw
TACO_clean/Paper cup/000044.jpg,Paper cup
TACO_clean/Pop tab/IMG_4972.JPG,Pop tab
TACO_clean/Plastic bottle cap/000093.jpg,Plastic bottle cap
TACO_clean/Metal bottle cap/000003.JPG,Metal bottle cap
TACO_clean/Other plastic/000106.JPG,Other plastic
TACO_clean/Normal paper/000082.jpg,Normal paper
TACO_clean/Plastic lid/000050.JPG,Plastic lid
TACO_clean/Metal bottle cap/000098.JPG,Metal bottle cap
TACO_clean/Plastic bottle cap/000061.JPG,Plastic bottle cap
TACO_clean/Plastic utensils/000068.JPG,Plastic utensils
TACO_clean/Clear plastic bottle/000011.jpg,Clear plastic bottle
TACO_clean/Normal paper/000136.JPG,Normal paper
TACO_clean/Disposable plastic cup/000039.JPG,Disposable plastic cup
TACO_clean/Other carton/IMG_4875.JPG,Other carton
TACO_clean/Disposable plastic cup/000033.jpg,Disposable plastic cup
TACO_clean/Paper cup/000001.jpg,Paper cup
TACO_clean/Other plastic/000048.jpg,Other plastic
TACO_clean/Unlabeled litter/000062.jpg,Unlabeled litter
TACO_clean/Metal lid/IMG_4914.JPG,Metal lid
TACO_clean/Drink can/000051.JPG,Drink can
TACO_clean/Unlabeled litter/000012.jpg,Unlabeled litter
TACO_clean/Cigarette/000037.jpg,Cigarette
TACO_clean/Broken glass/000022.jpg,Broken glass
TACO_clean/Drink can/000000.jpg,Drink can
TACO_clean/Scrap metal/000062.jpg,Scrap metal
TACO_clean/Plastic straw/000080.jpg,Plastic straw
TACO_clean/Metal bottle cap/000036.jpg,Metal bottle cap
TACO_clean/Egg carton/000066.JPG,Egg carton
TACO_clean/Plastic bottle cap/000049.jpg,Plastic bottle cap
TACO_clean/Other plastic wrapper/000101.JPG,Other plastic wrapper
TACO_clean/Plastic lid/000091.jpg,Plastic lid
TACO_clean/Plastic film/000116.JPG,Plastic film
TACO_clean/Unlabeled litter/000090.jpg,Unlabeled litter
TACO_clean/Single-use carrier bag/000065.jpg,Single-use carrier bag
TACO_clean/Plastic film/000004.jpg,Plastic film
TACO_clean/Metal bottle cap/000090.jpg,Metal bottle cap
TACO_clean/Other plastic bottle/IMG_5053.JPG,Other plastic bottle
TACO_clean/Plastic film/000012.jpg,Plastic film
TACO_clean/Plastic lid/000033.jpg,Plastic lid
TACO_clean/Other plastic wrapper/000090.jpg,Other plastic wrapper
TACO_clean/Clear plastic bottle/000046.JPG,Clear plastic bottle
TACO_clean/Cigarette/000079.JPG,Cigarette
TACO_clean/Paper cup/000037.jpg,Paper cup
TACO_clean/Cigarette/000032.jpg,Cigarette
TACO_clean/Styrofoam piece/000019.jpg,Styrofoam piece
TACO_clean/Styrofoam piece/000083.JPG,Styrofoam piece
TACO_clean/Broken glass/000083.JPG,Broken glass
TACO_clean/Other carton/IMG_5063.JPG,Other carton
TACO_clean/Disposable food container/000114.JPG,Disposable food container
TACO_clean/Clear plastic bottle/000115.JPG,Clear plastic bottle
TACO_clean/Drink carton/000096.jpg,Drink carton
TACO_clean/Clear plastic bottle/000005.jpg,Clear plastic bottle
TACO_clean/Cigarette/000085.JPG,Cigarette
TACO_clean/Unlabeled litter/IMG_4889.JPG,Unlabeled litter
TACO_clean/Glass bottle/000018.jpg,Glass bottle
TACO_clean/Paper cup/000088.jpg,Paper cup
TACO_clean/Other carton/000043.jpg,Other carton
TACO_clean/Single-use carrier bag/000063.jpg,Single-use carrier bag
TACO_clean/Plastic straw/000092.JPG,Plastic straw
TACO_clean/Plastic film/000078.jpg,Plastic film
TACO_clean/Paper cup/000079.JPG,Paper cup
TACO_clean/Pizza box/000011.jpg,Pizza box
TACO_clean/Plastic bottle cap/000056.jpg,Plastic bottle cap
TACO_clean/Other plastic/000091.jpg,Other plastic
TACO_clean/Foam cup/000073.jpg,Foam cup
TACO_clean/Other plastic wrapper/000051.jpg,Other plastic wrapper
TACO_clean/Unlabeled litter/000104.JPG,Unlabeled litter
TACO_clean/Cigarette/000043.jpg,Cigarette
TACO_clean/Plastic straw/000105.JPG,Plastic straw
TACO_clean/Meal carton/IMG_5052.JPG,Meal carton
TACO_clean/Cigarette/000064.jpg,Cigarette
TACO_clean/Cigarette/000011.jpg,Cigarette
TACO_clean/Unlabeled litter/000002.jpg,Unlabeled litter
TACO_clean/Plastic straw/000068.JPG,Plastic straw
TACO_clean/Other plastic wrapper/000037.JPG,Other plastic wrapper
TACO_clean/Disposable plastic cup/000054.jpg,Disposable plastic cup
TACO_clean/Cigarette/IMG_5003.JPG,Cigarette
TACO_clean/Other plastic bottle/000007.jpg,Other plastic bottle
TACO_clean/Styrofoam piece/000074.jpg,Styrofoam piece
TACO_clean/Plastic film/000054.jpg,Plastic film
TACO_clean/Pop tab/000000.jpg,Pop tab
TACO_clean/Clear plastic bottle/IMG_4941.JPG,Clear plastic bottle
TACO_clean/Other plastic bottle/000093.jpg,Other plastic bottle
TACO_clean/Plastic film/000038.jpg,Plastic film
TACO_clean/Tissues/000014.jpg,Tissues
TACO_clean/Other plastic wrapper/IMG_4969.JPG,Other plastic wrapper
TACO_clean/Plastic straw/000070.jpg,Plastic straw
TACO_clean/Other plastic/000097.jpg,Other plastic
TACO_clean/Other plastic/000119.JPG,Other plastic
TACO_clean/Other plastic wrapper/000134.JPG,Other plastic wrapper
TACO_clean/Magazine paper/000038.jpg,Magazine paper
TACO_clean/Corrugated carton/000025.JPG,Corrugated carton
TACO_clean/Glass bottle/000075.JPG,Glass bottle
TACO_clean/Metal lid/IMG_5046.JPG,Metal lid
TACO_clean/Plastic bottle cap/000110.JPG,Plastic bottle cap
TACO_clean/Plastic bottle cap/000001.jpg,Plastic bottle cap
TACO_clean/Other plastic container/000005.jpg,Other plastic container
TACO_clean/Cigarette/000089.jpg,Cigarette
TACO_clean/Clear plastic bottle/000092.jpg,Clear plastic bottle
TACO_clean/Aluminium foil/000014.JPG,Aluminium foil
TACO_clean/Clear plastic bottle/000023.jpg,Clear plastic bottle
TACO_clean/Scrap metal/000073.JPG,Scrap metal
TACO_clean/Garbage bag/000009.jpg,Garbage bag
TACO_clean/Plastic film/000090.jpg,Plastic film
TACO_clean/Clear plastic bottle/000058.JPG,Clear plastic bottle
TACO_clean/Corrugated carton/000006.jpg,Corrugated carton
TACO_clean/Meal carton/IMG_5002.JPG,Meal carton
TACO_clean/Plastic utensils/000070.JPG,Plastic utensils
TACO_clean/Plastic film/000018.jpg,Plastic film
TACO_clean/Plastic straw/000087.jpg,Plastic straw
TACO_clean/Plastic bottle cap/000034.jpg,Plastic bottle cap
TACO_clean/Clear plastic bottle/IMG_5053.JPG,Clear plastic bottle
TACO_clean/Other plastic/000037.JPG,Other plastic
TACO_clean/Plastic lid/000031.JPG,Plastic lid
TACO_clean/Plastic bottle cap/000115.JPG,Plastic bottle cap
TACO_clean/Cigarette/000023.JPG,Cigarette
TACO_clean/Other plastic/000080.jpg,Other plastic
TACO_clean/Other plastic bottle/000003.jpg,Other plastic bottle
TACO_clean/Normal paper/000102.JPG,Normal paper
TACO_clean/Aluminium foil/000015.JPG,Aluminium foil
TACO_clean/Drink can/IMG_5055.JPG,Drink can
TACO_clean/Foam food container/000030.JPG,Foam food container
TACO_clean/Drink carton/000019.jpg,Drink carton
TACO_clean/Unlabeled litter/000025.jpg,Unlabeled litter
TACO_clean/Aluminium foil/000008.jpg,Aluminium foil
TACO_clean/Corrugated carton/000081.JPG,Corrugated carton
TACO_clean/Styrofoam piece/000058.jpg,Styrofoam piece
TACO_clean/Metal bottle cap/000025.jpg,Metal bottle cap
TACO_clean/Disposable plastic cup/000092.jpg,Disposable plastic cup
TACO_clean/Normal paper/000038.jpg,Normal paper
TACO_clean/Crisp packet/000058.JPG,Crisp packet
TACO_clean/Paper cup/000008.JPG,Paper cup
TACO_clean/Glass bottle/000016.jpg,Glass bottle
TACO_clean/Plastic film/000105.JPG,Plastic film
TACO_clean/Aluminium foil/000050.JPG,Aluminium foil
TACO_clean/Cigarette/000081.JPG,Cigarette
TACO_clean/Cigarette/000021.jpg,Cigarette
TACO_clean/Other plastic/000054.jpg,Other plastic
TACO_clean/Crisp packet/000037.JPG,Crisp packet
TACO_clean/Paper cup/000027.jpg,Paper cup
TACO_clean/Plastic film/000087.jpg,Plastic film
TACO_clean/Unlabeled litter/000092.jpg,Unlabeled litter
TACO_clean/Garbage bag/IMG_5061.JPG,Garbage bag
TACO_clean/Plastic bottle cap/000043.jpg,Plastic bottle cap
TACO_clean/Corrugated carton/000016.jpg,Corrugated carton
TACO_clean/Plastic bottle cap/000045.jpg,Plastic bottle cap
TACO_clean/Cigarette/000090.jpg,Cigarette
TACO_clean/Plastic film/000127.JPG,Plastic film
TACO_clean/Other plastic wrapper/IMG_4941.JPG,Other plastic wrapper
TACO_clean/Plastic bottle cap/000140.JPG,Plastic bottle cap
TACO_clean/Plastic film/000070.jpg,Plastic film
TACO_clean/Single-use carrier bag/000086.jpg,Single-use carrier bag
TACO_clean/Other carton/000093.jpg,Other carton
TACO_clean/Clear plastic bottle/000071.jpg,Clear plastic bottle
TACO_clean/Drink can/000082.jpg,Drink can
TACO_clean/Clear plastic bottle/000009.jpg,Clear plastic bottle
TACO_clean/Cigarette/000034.jpg,Cigarette
TACO_clean/Corrugated carton/000074.JPG,Corrugated carton
TACO_clean/Plastic lid/000084.JPG,Plastic lid
TACO_clean/Disposable plastic cup/000111.JPG,Disposable plastic cup
TACO_clean/Drink can/000086.JPG,Drink can
TACO_clean/Cigarette/000017.jpg,Cigarette
TACO_clean/Other plastic wrapper/000110.JPG,Other plastic wrapper
TACO_clean/Aluminium foil/000062.JPG,Aluminium foil
TACO_clean/Drink carton/000102.JPG,Drink carton
TACO_clean/Aluminium foil/IMG_4862.JPG,Aluminium foil
TACO_clean/Unlabeled litter/000065.JPG,Unlabeled litter
TACO_clean/Plastic utensils/000061.jpg,Plastic utensils
TACO_clean/Plastic lid/000045.JPG,Plastic lid
TACO_clean/Plastic utensils/000060.jpg,Plastic utensils
TACO_clean/Other plastic/000056.jpg,Other plastic
TACO_clean/Pop tab/000042.jpg,Pop tab
TACO_clean/Other plastic/000049.JPG,Other plastic
TACO_clean/Egg carton/000052.JPG,Egg carton
TACO_clean/Other plastic/000093.jpg,Other plastic
TACO_clean/Disposable plastic cup/000095.JPG,Disposable plastic cup
TACO_clean/Food waste/000094.JPG,Food waste
TACO_clean/Broken glass/000008.jpg,Broken glass
TACO_clean/Cigarette/000056.jpg,Cigarette
TACO_clean/Styrofoam piece/000111.JPG,Styrofoam piece
TACO_clean/Paper bag/000076.jpg,Paper bag
TACO_clean/Normal paper/000058.jpg,Normal paper
TACO_clean/Metal bottle cap/000075.jpg,Metal bottle cap
TACO_clean/Disposable plastic cup/000072.jpg,Disposable plastic cup
TACO_clean/Plastic bottle cap/000033.jpg,Plastic bottle cap
TACO_clean/Plastic bottle cap/000029.jpg,Plastic bottle cap
TACO_clean/Plastic film/000057.jpg,Plastic film
TACO_clean/Meal carton/000029.JPG,Meal carton
TACO_clean/Plastic straw/000010.jpg,Plastic straw
TACO_clean/Garbage bag/000005.JPG,Garbage bag
TACO_clean/Plastic bottle cap/000094.jpg,Plastic bottle cap
TACO_clean/Other plastic wrapper/000058.jpg,Other plastic wrapper
TACO_clean/Meal carton/000097.JPG,Meal carton
TACO_clean/Plastic lid/000036.jpg,Plastic lid
TACO_clean/Crisp packet/000029.JPG,Crisp packet
TACO_clean/Pop tab/000098.JPG,Pop tab
TACO_clean/Plastic film/000085.jpg,Plastic film
TACO_clean/Disposable food container/000007.jpg,Disposable food container
TACO_clean/Clear plastic bottle/000006.JPG,Clear plastic bottle
TACO_clean/Toilet tube/000106.JPG,Toilet tube
TACO_clean/Crisp packet/000081.JPG,Crisp packet
TACO_clean/Unlabeled litter/000000.jpg,Unlabeled litter
TACO_clean/Other carton/000020.jpg,Other carton
TACO_clean/Plastic straw/000044.jpg,Plastic straw
TACO_clean/Plastic bottle cap/000041.jpg,Plastic bottle cap
TACO_clean/Wrapping paper/000052.jpg,Wrapping paper
TACO_clean/Other carton/000092.JPG,Other carton
TACO_clean/Plastic film/000028.jpg,Plastic film
TACO_clean/Plastic film/IMG_4891.JPG,Plastic film
TACO_clean/Plastic bottle cap/000042.jpg,Plastic bottle cap
TACO_clean/Meal carton/000073.JPG,Meal carton
TACO_clean/Crisp packet/000097.JPG,Crisp packet
TACO_clean/Other plastic wrapper/000086.jpg,Other plastic wrapper
TACO_clean/Plastic film/000039.JPG,Plastic film
TACO_clean/Aluminium foil/000018.jpg,Aluminium foil
TACO_clean/Scrap metal/000015.jpg,Scrap metal
TACO_clean/Corrugated carton/IMG_4874.JPG,Corrugated carton
TACO_clean/Meal carton/000003.jpg,Meal carton
TACO_clean/Cigarette/000003.jpg,Cigarette
TACO_clean/Cigarette/IMG_4972.JPG,Cigarette
TACO_clean/Other plastic/000139.JPG,Other plastic
TACO_clean/Unlabeled litter/000020.jpg,Unlabeled litter
TACO_clean/Plastic bottle cap/000058.jpg,Plastic bottle cap
TACO_clean/Clear plastic bottle/000086.jpg,Clear plastic bottle
TACO_clean/Unlabeled litter/000044.jpg,Unlabeled litter
TACO_clean/Drink carton/000025.jpg,Drink carton
TACO_clean/Other plastic wrapper/000018.jpg,Other plastic wrapper
TACO_clean/Normal paper/000084.jpg,Normal paper
TACO_clean/Plastic film/000069.jpg,Plastic film
TACO_clean/Rope & strings/000055.jpg,Rope & strings
TACO_clean/Other plastic wrapper/000012.jpg,Other plastic wrapper
TACO_clean/Plastic bottle cap/IMG_4862.JPG,Plastic bottle cap
TACO_clean/Unlabeled litter/IMG_5054.JPG,Unlabeled litter
TACO_clean/Plastic film/000020.jpg,Plastic film
TACO_clean/Drink carton/000051.JPG,Drink carton
TACO_clean/Disposable food container/IMG_4924.JPG,Disposable food container
TACO_clean/Styrofoam piece/000038.JPG,Styrofoam piece
TACO_clean/Glass jar/000088.JPG,Glass jar
TACO_clean/Glass jar/IMG_5046.JPG,Glass jar
TACO_clean/Corrugated carton/000003.jpg,Corrugated carton
TACO_clean/Unlabeled litter/000134.JPG,Unlabeled litter
TACO_clean/Plastic bottle cap/000074.JPG,Plastic bottle cap
TACO_clean/Rope & strings/000004.jpg,Rope & strings
TACO_clean/Drink can/000072.JPG,Drink can
TACO_clean/Unlabeled litter/IMG_4997.JPG,Unlabeled litter
TACO_clean/Unlabeled litter/000091.jpg,Unlabeled litter
TACO_clean/Unlabeled litter/IMG_4941.JPG,Unlabeled litter
TACO_clean/Drink can/000070.JPG,Drink can
TACO_clean/Pop tab/000094.jpg,Pop tab
TACO_clean/Glass bottle/000012.jpg,Glass bottle
TACO_clean/Plastic straw/000085.JPG,Plastic straw
TACO_clean/Other carton/IMG_4855.JPG,Other carton
TACO_clean/Other plastic/000086.JPG,Other plastic
TACO_clean/Pop tab/000069.jpg,Pop tab
TACO_clean/Unlabeled litter/000093.jpg,Unlabeled litter
TACO_clean/Drink can/IMG_5058.JPG,Drink can
TACO_clean/Other plastic bottle/000035.jpg,Other plastic bottle
TACO_clean/Plastic lid/000062.jpg,Plastic lid
TACO_clean/Cigarette/000041.jpg,Cigarette
TACO_clean/Single-use carrier bag/000005.jpg,Single-use carrier bag
TACO_clean/Unlabeled litter/IMG_4891.JPG,Unlabeled litter
TACO_clean/Clear plastic bottle/000044.JPG,Clear plastic bottle
TACO_clean/Normal paper/IMG_5067.JPG,Normal paper
TACO_clean/Unlabeled litter/000021.JPG,Unlabeled litter
TACO_clean/Other plastic wrapper/000098.JPG,Other plastic wrapper
TACO_clean/Plastic lid/000049.JPG,Plastic lid
TACO_clean/Other plastic wrapper/000089.jpg,Other plastic wrapper
TACO_clean/Plastic straw/000040.JPG,Plastic straw
TACO_clean/Garbage bag/000127.JPG,Garbage bag
TACO_clean/Drink can/000044.jpg,Drink can
TACO_clean/Rope & strings/000037.JPG,Rope & strings
TACO_clean/Drink can/000019.jpg,Drink can
TACO_clean/Plastic film/000076.jpg,Plastic film
TACO_clean/Pop tab/000013.jpg,Pop tab
TACO_clean/Corrugated carton/000064.jpg,Corrugated carton
TACO_clean/Drink can/000074.jpg,Drink can
TACO_clean/Corrugated carton/000009.jpg,Corrugated carton
TACO_clean/Drink can/000021.jpg,Drink can
TACO_clean/Normal paper/000063.JPG,Normal paper
TACO_clean/Metal bottle cap/IMG_4914.JPG,Metal bottle cap
TACO_clean/Clear plastic bottle/000081.JPG,Clear plastic bottle
TACO_clean/Disposable plastic cup/000005.JPG,Disposable plastic cup
TACO_clean/Glass cup/000101.JPG,Glass cup
TACO_clean/Drink can/000025.jpg,Drink can
TACO_clean/Styrofoam piece/000084.jpg,Styrofoam piece
TACO_clean/Other plastic container/000053.jpg,Other plastic container
TACO_clean/Disposable food container/000087.JPG,Disposable food container
TACO_clean/Foam food container/000088.jpg,Foam food container
TACO_clean/Glass bottle/000111.JPG,Glass bottle
TACO_clean/Metal bottle cap/000035.jpg,Metal bottle cap
TACO_clean/Meal carton/000113.JPG,Meal carton
TACO_clean/Glass bottle/000004.jpg,Glass bottle
TACO_clean/Drink can/000084.JPG,Drink can
TACO_clean/Corrugated carton/000010.jpg,Corrugated carton
TACO_clean/Plastic straw/000096.jpg,Plastic straw
TACO_clean/Foam food container/000054.JPG,Foam food container
TACO_clean/Other carton/000056.jpg,Other carton
TACO_clean/Corrugated carton/000013.jpg,Corrugated carton
TACO_clean/Drink can/000031.jpg,Drink can
TACO_clean/Plastic bottle cap/000072.JPG,Plastic bottle cap
TACO_clean/Styrofoam piece/000076.jpg,Styrofoam piece
TACO_clean/Pop tab/000128.JPG,Pop tab
TACO_clean/Disposable plastic cup/000037.JPG,Disposable plastic cup
TACO_clean/Clear plastic bottle/000039.jpg,Clear plastic bottle
TACO_clean/Other carton/000099.jpg,Other carton
TACO_clean/Plastic film/000062.JPG,Plastic film
TACO_clean/Single-use carrier bag/000078.JPG,Single-use carrier bag
TACO_clean/Plastic film/000005.jpg,Plastic film
TACO_clean/Drink carton/000038.jpg,Drink carton
TACO_clean/Foam food container/000064.jpg,Foam food container
TACO_clean/Pop tab/000004.JPG,Pop tab
TACO_clean/Drink can/000047.jpg,Drink can
TACO_clean/Plastic lid/000099.JPG,Plastic lid
TACO_clean/Single-use carrier bag/000006.jpg,Single-use carrier bag
TACO_clean/Glass bottle/000047.JPG,Glass bottle
TACO_clean/Plastic film/IMG_4878.JPG,Plastic film
TACO_clean/Paper bag/000068.JPG,Paper bag
TACO_clean/Aluminium blister pack/000104.JPG,Aluminium blister pack
TACO_clean/Plastic glooves/000082.jpg,Plastic glooves
TACO_clean/Cigarette/000001.jpg,Cigarette
TACO_clean/Plastic straw/000017.jpg,Plastic straw
TACO_clean/Plastic bottle cap/000028.jpg,Plastic bottle cap
TACO_clean/Drink carton/000128.JPG,Drink carton
TACO_clean/Single-use carrier bag/000084.jpg,Single-use carrier bag
TACO_clean/Plastic lid/000009.JPG,Plastic lid
TACO_clean/Plastic film/000128.JPG,Plastic film
TACO_clean/Paper bag/000087.JPG,Paper bag
TACO_clean/Paper bag/000041.JPG,Paper bag
TACO_clean/Plastic film/000044.jpg,Plastic film
TACO_clean/Plastic bottle cap/000128.JPG,Plastic bottle cap
TACO_clean/Cigarette/000077.jpg,Cigarette
TACO_clean/Plastic bottle cap/000087.JPG,Plastic bottle cap
TACO_clean/Clear plastic bottle/000017.jpg,Clear plastic bottle
TACO_clean/Single-use carrier bag/000087.jpg,Single-use carrier bag
TACO_clean/Plastic bottle cap/000031.jpg,Plastic bottle cap
TACO_clean/Pop tab/000024.jpg,Pop tab
TACO_clean/Other plastic wrapper/000092.JPG,Other plastic wrapper
TACO_clean/Other plastic bottle/000078.jpg,Other plastic bottle
TACO_clean/Styrofoam piece/000035.jpg,Styrofoam piece
TACO_clean/Disposable plastic cup/000027.JPG,Disposable plastic cup
TACO_clean/Styrofoam piece/000003.jpg,Styrofoam piece
TACO_clean/Crisp packet/000023.JPG,Crisp packet
TACO_clean/Pop tab/000009.jpg,Pop tab
TACO_clean/Other plastic wrapper/000030.jpg,Other plastic wrapper
TACO_clean/Plastic film/000066.jpg,Plastic film
TACO_clean/Single-use carrier bag/000102.JPG,Single-use carrier bag
TACO_clean/Cigarette/000030.jpg,Cigarette
TACO_clean/Aluminium foil/000087.jpg,Aluminium foil
TACO_clean/Metal bottle cap/000094.jpg,Metal bottle cap
TACO_clean/Metal bottle cap/000084.jpg,Metal bottle cap
TACO_clean/Plastic utensils/000066.jpg,Plastic utensils
TACO_clean/Unlabeled litter/000094.jpg,Unlabeled litter
TACO_clean/Unlabeled litter/000055.JPG,Unlabeled litter
TACO_clean/Drink can/000018.jpg,Drink can
TACO_clean/Cigarette/000022.jpg,Cigarette
TACO_clean/Aluminium foil/000080.JPG,Aluminium foil
TACO_clean/Clear plastic bottle/000022.JPG,Clear plastic bottle
TACO_clean/Cigarette/000082.JPG,Cigarette
TACO_clean/Normal paper/000064.JPG,Normal paper
TACO_clean/Unlabeled litter/000050.jpg,Unlabeled litter
TACO_clean/Tissues/000000.jpg,Tissues
TACO_clean/Styrofoam piece/000073.JPG,Styrofoam piece
TACO_clean/Rope & strings/000002.jpg,Rope & strings
TACO_clean/Pop tab/000048.jpg,Pop tab
TACO_clean/Plastic straw/IMG_4936.JPG,Plastic straw
TACO_clean/Normal paper/000117.JPG,Normal paper
TACO_clean/Meal carton/000012.JPG,Meal carton
TACO_clean/Plastic film/000023.JPG,Plastic film
TACO_clean/Tissues/000127.JPG,Tissues
TACO_clean/Clear plastic bottle/000019.jpg,Clear plastic bottle
TACO_clean/Unlabeled litter/000043.jpg,Unlabeled litter
TACO_clean/Other plastic/000066.jpg,Other plastic
TACO_clean/Drink carton/000097.jpg,Drink carton
TACO_clean/Rope & strings/000079.JPG,Rope & strings
TACO_clean/Glass bottle/000078.JPG,Glass bottle
TACO_clean/Plastic film/000102.JPG,Plastic film
TACO_clean/Garbage bag/000008.jpg,Garbage bag
TACO_clean/Plastic straw/000088.jpg,Plastic straw
TACO_clean/Plastic lid/IMG_5063.JPG,Plastic lid
TACO_clean/Clear plastic bottle/000093.jpg,Clear plastic bottle
TACO_clean/Drink can/000092.JPG,Drink can
TACO_clean/Glass bottle/000025.JPG,Glass bottle
TACO_clean/Single-use carrier bag/000050.jpg,Single-use carrier bag
TACO_clean/Corrugated carton/000008.jpg,Corrugated carton
TACO_clean/Plastic film/000009.jpg,Plastic film
TACO_clean/Cigarette/000120.JPG,Cigarette
TACO_clean/Plastic bottle cap/000003.JPG,Plastic bottle cap
TACO_clean/Single-use carrier bag/000043.jpg,Single-use carrier bag
TACO_clean/Shoe/000077.JPG,Shoe
TACO_clean/Other plastic/000007.jpg,Other plastic
TACO_clean/Crisp packet/000007.jpg,Crisp packet
TACO_clean/Drink carton/000103.JPG,Drink carton
TACO_clean/Drink can/000094.jpg,Drink can
TACO_clean/Glass bottle/000067.jpg,Glass bottle
TACO_clean/Normal paper/000052.JPG,Normal paper
TACO_clean/Unlabeled litter/000081.jpg,Unlabeled litter
TACO_clean/Plastic film/000104.JPG,Plastic film
TACO_clean/Plastic lid/000027.jpg,Plastic lid
TACO_clean/Clear plastic bottle/000094.jpg,Clear plastic bottle
TACO_clean/Glass cup/000011.jpg,Glass cup
TACO_clean/Plastic straw/000069.jpg,Plastic straw
TACO_clean/Other plastic bottle/000042.jpg,Other plastic bottle
TACO_clean/Egg carton/000129.JPG,Egg carton
TACO_clean/Cigarette/000024.jpg,Cigarette
TACO_clean/Drink carton/IMG_4969.JPG,Drink carton
TACO_clean/Plastic glooves/000018.JPG,Plastic glooves
TACO_clean/Other plastic wrapper/000035.jpg,Other plastic wrapper
TACO_clean/Cigarette/000015.jpg,Cigarette
TACO_clean/Other plastic wrapper/000031.jpg,Other plastic wrapper
TACO_clean/Normal paper/000081.jpg,Normal paper
TACO_clean/Other plastic bottle/000058.jpg,Other plastic bottle
TACO_clean/Drink carton/000017.JPG,Drink carton
TACO_clean/Rope & strings/000020.jpg,Rope & strings
TACO_clean/Paper cup/000020.jpg,Paper cup
TACO_clean/Clear plastic bottle/000085.JPG,Clear plastic bottle
TACO_clean/Plastic utensils/000050.JPG,Plastic utensils
TACO_clean/Cigarette/000088.jpg,Cigarette
TACO_clean/Plastic film/000029.jpg,Plastic film
TACO_clean/Food waste/000090.JPG,Food waste
TACO_clean/Plastic lid/000008.jpg,Plastic lid
TACO_clean/Other plastic/000050.jpg,Other plastic
TACO_clean/Drink can/000115.JPG,Drink can
TACO_clean/Other carton/000077.jpg,Other carton
TACO_clean/Unlabeled litter/000059.jpg,Unlabeled litter
TACO_clean/Other plastic wrapper/000005.jpg,Other plastic wrapper
TACO_clean/Plastic film/000017.jpg,Plastic film
TACO_clean/Pop tab/000021.jpg,Pop tab
TACO_clean/Garbage bag/000053.jpg,Garbage bag
TACO_clean/Other carton/000029.jpg,Other carton
TACO_clean/Squeezable tube/000097.JPG,Squeezable tube
TACO_clean/Crisp packet/000072.JPG,Crisp packet
TACO_clean/Styrofoam piece/000081.jpg,Styrofoam piece
TACO_clean/Other plastic/000136.JPG,Other plastic
TACO_clean/Drink can/000013.jpg,Drink can
TACO_clean/Food Can/IMG_5046.JPG,Food Can
TACO_clean/Plastic film/000022.jpg,Plastic film
TACO_clean/Paper bag/000078.JPG,Paper bag
TACO_clean/Meal carton/000007.jpg,Meal carton
TACO_clean/Cigarette/000087.JPG,Cigarette
TACO_clean/Clear plastic bottle/000056.jpg,Clear plastic bottle
TACO_clean/Pop tab/000049.jpg,Pop tab
TACO_clean/Plastic lid/000011.JPG,Plastic lid
TACO_clean/Meal carton/000083.jpg,Meal carton
TACO_clean/Styrofoam piece/000094.JPG,Styrofoam piece
TACO_clean/Plastic film/IMG_4869.JPG,Plastic film
TACO_clean/Unlabeled litter/000063.jpg,Unlabeled litter
TACO_clean/Glass bottle/000048.jpg,Glass bottle
TACO_clean/Plastic film/000015.jpg,Plastic film
TACO_clean/Plastic bottle cap/000097.jpg,Plastic bottle cap
TACO_clean/Shoe/000024.jpg,Shoe
TACO_clean/Pizza box/000051.JPG,Pizza box
TACO_clean/Pop tab/IMG_5051.JPG,Pop tab
TACO_clean/Crisp packet/000043.JPG,Crisp packet
TACO_clean/Plastic straw/000078.jpg,Plastic straw
TACO_clean/Unlabeled litter/000107.JPG,Unlabeled litter
TACO_clean/Other plastic wrapper/000072.jpg,Other plastic wrapper
TACO_clean/Cigarette/IMG_4980.JPG,Cigarette
TACO_clean/Clear plastic bottle/000070.jpg,Clear plastic bottle
TACO_clean/Unlabeled litter/000115.JPG,Unlabeled litter
TACO_clean/Crisp packet/000006.JPG,Crisp packet
TACO_clean/Styrofoam piece/000087.JPG,Styrofoam piece
TACO_clean/Disposable food container/000013.jpg,Disposable food container
TACO_clean/Plastic bottle cap/000111.JPG,Plastic bottle cap
TACO_clean/Clear plastic bottle/000084.jpg,Clear plastic bottle
TACO_clean/Single-use carrier bag/000071.jpg,Single-use carrier bag
TACO_clean/Metal bottle cap/000070.JPG,Metal bottle cap
TACO_clean/Styrofoam piece/000123.JPG,Styrofoam piece
TACO_clean/Pop tab/000092.JPG,Pop tab
TACO_clean/Plastic bottle cap/000012.jpg,Plastic bottle cap
TACO_clean/Plastic film/000091.jpg,Plastic film
TACO_clean/Plastic lid/000085.jpg,Plastic lid
TACO_clean/Clear plastic bottle/000100.JPG,Clear plastic bottle
TACO_clean/Normal paper/000005.JPG,Normal paper
TACO_clean/Other plastic/IMG_4966.JPG,Other plastic
TACO_clean/Broken glass/000036.jpg,Broken glass
TACO_clean/Pop tab/000078.JPG,Pop tab
TACO_clean/Tissues/000051.jpg,Tissues
TACO_clean/Wrapping paper/000017.JPG,Wrapping paper
TACO_clean/Crisp packet/IMG_4860.JPG,Crisp packet
TACO_clean/Plastic straw/000045.JPG,Plastic straw
TACO_clean/Unlabeled litter/000023.jpg,Unlabeled litter
TACO_clean/Unlabeled litter/000006.jpg,Unlabeled litter
TACO_clean/Styrofoam piece/000034.JPG,Styrofoam piece
TACO_clean/Disposable food container/000059.jpg,Disposable food container
TACO_clean/Pop tab/000047.jpg,Pop tab
TACO_clean/Other plastic wrapper/000078.jpg,Other plastic wrapper
TACO_clean/Food Can/000129.JPG,Food Can
TACO_clean/Rope & strings/000048.jpg,Rope & strings
TACO_clean/Other plastic bottle/000008.jpg,Other plastic bottle
TACO_clean/Pop tab/000096.JPG,Pop tab
TACO_clean/Drink can/000054.jpg,Drink can
TACO_clean/Unlabeled litter/000009.jpg,Unlabeled litter
TACO_clean/Other plastic bottle/000019.jpg,Other plastic bottle
TACO_clean/Unlabeled litter/000001.jpg,Unlabeled litter
TACO_clean/Glass bottle/000068.jpg,Glass bottle
TACO_clean/Unlabeled litter/000028.jpg,Unlabeled litter
TACO_clean/Other plastic/000016.JPG,Other plastic
TACO_clean/Food waste/IMG_4916.JPG,Food waste
TACO_clean/Other plastic wrapper/000083.jpg,Other plastic wrapper
TACO_clean/Plastic film/000055.jpg,Plastic film
TACO_clean/Other plastic wrapper/000141.JPG,Other plastic wrapper
TACO_clean/Food Can/000042.jpg,Food Can
TACO_clean/Plastic film/000059.jpg,Plastic film
TACO_clean/Drink carton/000013.jpg,Drink carton
TACO_clean/Spread tub/000092.JPG,Spread tub
TACO_clean/Unlabeled litter/000029.jpg,Unlabeled litter
TACO_clean/Disposable plastic cup/000049.jpg,Disposable plastic cup
TACO_clean/Disposable plastic cup/000019.jpg,Disposable plastic cup
TACO_clean/Styrofoam piece/000098.jpg,Styrofoam piece
TACO_clean/Other carton/000008.jpg,Other carton
TACO_clean/Plastic straw/000013.jpg,Plastic straw
TACO_clean/Other carton/000096.JPG,Other carton
TACO_clean/Drink can/000090.jpg,Drink can
TACO_clean/Crisp packet/000017.jpg,Crisp packet
TACO_clean/Glass bottle/000076.JPG,Glass bottle
TACO_clean/Plastic film/000097.jpg,Plastic film
TACO_clean/Other carton/IMG_5067.JPG,Other carton
TACO_clean/Wrapping paper/000094.jpg,Wrapping paper
TACO_clean/Plastic bottle cap/000092.jpg,Plastic bottle cap
TACO_clean/Cigarette/000083.jpg,Cigarette
TACO_clean/Other carton/000078.jpg,Other carton
TACO_clean/Styrofoam piece/000109.JPG,Styrofoam piece
TACO_clean/Food Can/000059.jpg,Food Can
TACO_clean/Normal paper/000025.jpg,Normal paper
TACO_clean/Corrugated carton/000068.JPG,Corrugated carton
TACO_clean/Unlabeled litter/000069.jpg,Unlabeled litter
TACO_clean/Plastic film/000034.jpg,Plastic film
TACO_clean/Disposable plastic cup/000084.JPG,Disposable plastic cup
TACO_clean/Food Can/000128.JPG,Food Can
TACO_clean/Scrap metal/IMG_4994.JPG,Scrap metal
TACO_clean/Cigarette/000016.jpg,Cigarette
TACO_clean/Drink can/000043.jpg,Drink can
TACO_clean/Normal paper/000016.jpg,Normal paper
TACO_clean/Rope & strings/000049.jpg,Rope & strings
TACO_clean/Spread tub/000049.JPG,Spread tub
TACO_clean/Other plastic/000015.JPG,Other plastic
TACO_clean/Plastic straw/000076.JPG,Plastic straw
TACO_clean/Drink can/000076.jpg,Drink can
TACO_clean/Cigarette/000047.jpg,Cigarette
TACO_clean/Drink can/000073.JPG,Drink can
TACO_clean/Plastic film/000031.jpg,Plastic film
TACO_clean/Cigarette/000097.jpg,Cigarette
TACO_clean/Other plastic cup/000080.jpg,Other plastic cup
TACO_clean/Clear plastic bottle/000076.JPG,Clear plastic bottle
TACO_clean/Clear plastic bottle/IMG_4893.JPG,Clear plastic bottle
TACO_clean/Foam cup/000059.jpg,Foam cup
TACO_clean/Unlabeled litter/000016.jpg,Unlabeled litter
TACO_clean/Plastic bottle cap/000016.jpg,Plastic bottle cap
TACO_clean/Tupperware/000070.JPG,Tupperware
TACO_clean/Metal bottle cap/000076.JPG,Metal bottle cap
TACO_clean/Other plastic/000045.JPG,Other plastic
TACO_clean/Rope & strings/000047.JPG,Rope & strings
TACO_clean/Egg carton/IMG_5061.JPG,Egg carton
TACO_clean/Plastic lid/000065.JPG,Plastic lid
TACO_clean/Other carton/000052.jpg,Other carton
TACO_clean/Cigarette/IMG_4932.JPG,Cigarette
TACO_clean/Drink can/000027.jpg,Drink can
TACO_clean/Unlabeled litter/000004.jpg,Unlabeled litter
TACO_clean/Spread tub/000093.JPG,Spread tub
TACO_clean/Plastic film/000043.jpg,Plastic film
TACO_clean/Normal paper/000002.JPG,Normal paper
TACO_clean/Rope & strings/000038.jpg,Rope & strings
TACO_clean/Disposable plastic cup/000030.JPG,Disposable plastic cup
TACO_clean/Metal bottle cap/000053.JPG,Metal bottle cap
TACO_clean/Unlabeled litter/000071.jpg,Unlabeled litter
TACO_clean/Disposable plastic cup/000040.jpg,Disposable plastic cup
TACO_clean/Other plastic/000075.jpg,Other plastic
TACO_clean/Plastic film/000032.jpg,Plastic film
TACO_clean/Food waste/000054.JPG,Food waste
TACO_clean/Single-use carrier bag/000051.JPG,Single-use carrier bag
TACO_clean/Other carton/IMG_4877.JPG,Other carton
TACO_clean/Disposable food container/IMG_5060.JPG,Disposable food container
TACO_clean/Other plastic bottle/000079.JPG,Other plastic bottle
TACO_clean/Plastic bottle cap/000025.jpg,Plastic bottle cap
TACO_clean/Foam food container/IMG_4921.JPG,Foam food container
TACO_clean/Glass bottle/000120.JPG,Glass bottle
TACO_clean/Plastic lid/IMG_4852.JPG,Plastic lid
TACO_clean/Normal paper/000004.JPG,Normal paper
TACO_clean/Plastic bottle cap/000132.JPG,Plastic bottle cap
TACO_clean/Other carton/000081.JPG,Other carton
TACO_clean/Pop tab/000027.jpg,Pop tab
TACO_clean/Plastic film/IMG_4924.JPG,Plastic film
TACO_clean/Drink carton/000024.JPG,Drink carton
TACO_clean/Other plastic wrapper/000052.jpg,Other plastic wrapper
TACO_clean/Other carton/000005.jpg,Other carton
TACO_clean/Other carton/000084.jpg,Other carton
TACO_clean/Other carton/000059.jpg,Other carton
TACO_clean/Other plastic/000024.jpg,Other plastic
TACO_clean/Scrap metal/000029.jpg,Scrap metal
TACO_clean/Styrofoam piece/000091.JPG,Styrofoam piece
TACO_clean/Glass bottle/000006.jpg,Glass bottle
TACO_clean/Other plastic/000036.JPG,Other plastic
TACO_clean/Metal lid/IMG_4913.JPG,Metal lid
TACO_clean/Unlabeled litter/000041.jpg,Unlabeled litter
TACO_clean/Plastic film/000098.JPG,Plastic film
TACO_clean/Plastic bottle cap/000126.JPG,Plastic bottle cap
TACO_clean/Clear plastic bottle/IMG_4969.JPG,Clear plastic bottle
TACO_clean/Paper cup/000083.JPG,Paper cup
TACO_clean/Rope & strings/000064.JPG,Rope & strings
TACO_clean/Pop tab/IMG_4996.JPG,Pop tab
TACO_clean/Plastic lid/000022.jpg,Plastic lid
TACO_clean/Meal carton/000020.JPG,Meal carton
TACO_clean/Other carton/000071.JPG,Other carton
TACO_clean/Broken glass/000048.jpg,Broken glass
TACO_clean/Paper cup/000073.jpg,Paper cup
TACO_clean/Tissues/000007.jpg,Tissues
TACO_clean/Plastic lid/IMG_5054.JPG,Plastic lid
TACO_clean/Other plastic/000035.jpg,Other plastic
TACO_clean/Clear plastic bottle/000102.JPG,Clear plastic bottle
TACO_clean/Metal lid/000065.JPG,Metal lid
TACO_clean/Other plastic/000087.jpg,Other plastic
TACO_clean/Drink can/000059.jpg,Drink can
TACO_clean/Plastic film/000112.JPG,Plastic film
TACO_clean/Aluminium blister pack/IMG_4907.JPG,Aluminium blister pack
TACO_clean/Glass cup/000035.jpg,Glass cup
TACO_clean/Plastic film/000077.jpg,Plastic film
TACO_clean/Unlabeled litter/000117.JPG,Unlabeled litter
TACO_clean/Other plastic/000029.jpg,Other plastic
TACO_clean/Plastic straw/000053.JPG,Plastic straw
TACO_clean/Paper cup/000003.jpg,Paper cup
TACO_clean/Styrofoam piece/000051.jpg,Styrofoam piece
TACO_clean/Styrofoam piece/000115.JPG,Styrofoam piece
TACO_clean/Metal bottle cap/000048.jpg,Metal bottle cap
TACO_clean/Pop tab/000065.jpg,Pop tab
TACO_clean/Plastic lid/000032.jpg,Plastic lid
TACO_clean/Aluminium foil/000098.JPG,Aluminium foil
TACO_clean/Plastic bottle cap/IMG_4992.JPG,Plastic bottle cap
TACO_clean/Disposable plastic cup/000026.JPG,Disposable plastic cup
TACO_clean/Food Can/000047.jpg,Food Can
TACO_clean/Single-use carrier bag/000036.JPG,Single-use carrier bag
TACO_clean/Disposable plastic cup/000091.jpg,Disposable plastic cup
TACO_clean/Plastic bottle cap/000077.jpg,Plastic bottle cap
TACO_clean/Clear plastic bottle/000109.JPG,Clear plastic bottle
TACO_clean/Plastic bottle cap/000088.jpg,Plastic bottle cap
TACO_clean/Unlabeled litter/000038.jpg,Unlabeled litter
TACO_clean/Plastic straw/000015.jpg,Plastic straw
TACO_clean/Spread tub/IMG_4879.JPG,Spread tub
TACO_clean/Drink can/000029.jpg,Drink can
TACO_clean/Cigarette/000067.JPG,Cigarette
TACO_clean/Other carton/000023.JPG,Other carton
TACO_clean/Unlabeled litter/000088.jpg,Unlabeled litter
TACO_clean/Aerosol/000061.jpg,Aerosol
TACO_clean/Other plastic/000138.JPG,Other plastic
TACO_clean/Cigarette/000040.jpg,Cigarette
TACO_clean/Plastic utensils/000086.JPG,Plastic utensils
TACO_clean/Unlabeled litter/000084.jpg,Unlabeled litter
TACO_clean/Polypropylene bag/000060.jpg,Polypropylene bag
TACO_clean/Other plastic bottle/000097.JPG,Other plastic bottle
TACO_clean/Unlabeled litter/000015.jpg,Unlabeled litter
TACO_clean/Drink can/000078.jpg,Drink can
TACO_clean/Plastic film/000045.JPG,Plastic film
TACO_clean/Plastic bottle cap/000051.jpg,Plastic bottle cap
TACO_clean/Other plastic wrapper/000006.jpg,Other plastic wrapper
TACO_clean/Garbage bag/000035.JPG,Garbage bag
TACO_clean/Clear plastic bottle/000042.jpg,Clear plastic bottle
TACO_clean/Other plastic wrapper/IMG_4948.JPG,Other plastic wrapper
TACO_clean/Drink can/000065.jpg,Drink can
TACO_clean/Cigarette/000014.JPG,Cigarette
TACO_clean/Other plastic/000021.jpg,Other plastic
TACO_clean/Other plastic wrapper/000095.JPG,Other plastic wrapper
TACO_clean/Drink carton/000027.jpg,Drink carton
TACO_clean/Plastic straw/000036.JPG,Plastic straw
TACO_clean/Plastic straw/000060.jpg,Plastic straw
TACO_clean/Drink can/000020.jpg,Drink can
TACO_clean/Unlabeled litter/000053.jpg,Unlabeled litter
TACO_clean/Normal paper/IMG_4941.JPG,Normal paper
TACO_clean/Drink carton/000095.jpg,Drink carton
TACO_clean/Aluminium foil/000084.jpg,Aluminium foil
TACO_clean/Plastic film/000065.jpg,Plastic film
TACO_clean/Unlabeled litter/000067.JPG,Unlabeled litter
TACO_clean/Paper cup/000047.JPG,Paper cup
TACO_clean/Drink can/000111.JPG,Drink can
TACO_clean/Glass bottle/000020.jpg,Glass bottle
TACO_clean/Drink can/000011.jpg,Drink can
TACO_clean/Plastic bottle cap/000131.JPG,Plastic bottle cap
TACO_clean/Broken glass/000066.jpg,Broken glass
TACO_clean/Other plastic wrapper/IMG_5045.JPG,Other plastic wrapper
TACO_clean/Styrofoam piece/000129.JPG,Styrofoam piece
TACO_clean/Plastic film/000073.jpg,Plastic film
TACO_clean/Styrofoam piece/000117.JPG,Styrofoam piece
TACO_clean/Disposable plastic cup/000003.jpg,Disposable plastic cup
TACO_clean/Plastic straw/000046.jpg,Plastic straw
TACO_clean/Aluminium foil/000039.JPG,Aluminium foil
TACO_clean/Other carton/000044.jpg,Other carton
TACO_clean/Plastic utensils/IMG_5002.JPG,Plastic utensils
TACO_clean/Scrap metal/000018.jpg,Scrap metal
TACO_clean/Other carton/000004.jpg,Other carton
TACO_clean/Food Can/000037.jpg,Food Can
TACO_clean/Other plastic wrapper/000079.jpg,Other plastic wrapper
TACO_clean/Drink can/000023.jpg,Drink can
TACO_clean/Cigarette/000073.JPG,Cigarette
TACO_clean/Plastic film/000086.jpg,Plastic film
TACO_clean/Plastic bottle cap/000109.JPG,Plastic bottle cap
TACO_clean/Plastic bottle cap/000095.jpg,Plastic bottle cap
TACO_clean/Other plastic wrapper/000033.jpg,Other plastic wrapper
TACO_clean/Plastic film/000093.jpg,Plastic film
TACO_clean/Plastic bottle cap/000070.jpg,Plastic bottle cap
TACO_clean/Paper cup/IMG_4939.JPG,Paper cup
TACO_clean/Spread tub/000022.jpg,Spread tub
TACO_clean/Cigarette/000004.JPG,Cigarette
TACO_clean/Disposable plastic cup/000108.JPG,Disposable plastic cup
TACO_clean/Other plastic/000081.jpg,Other plastic
TACO_clean/Disposable plastic cup/000089.jpg,Disposable plastic cup
TACO_clean/Normal paper/000067.jpg,Normal paper
TACO_clean/Other plastic wrapper/000042.jpg,Other plastic wrapper
TACO_clean/Plastic bottle cap/000039.jpg,Plastic bottle cap
TACO_clean/Clear plastic bottle/000027.jpg,Clear plastic bottle
TACO_clean/Other plastic/000002.jpg,Other plastic
TACO_clean/Plastic lid/000055.JPG,Plastic lid
TACO_clean/Plastic lid/000012.jpg,Plastic lid
TACO_clean/Other plastic/IMG_4941.JPG,Other plastic
TACO_clean/Food Can/000088.JPG,Food Can
TACO_clean/Other plastic wrapper/000073.JPG,Other plastic wrapper
TACO_clean/Tupperware/000064.jpg,Tupperware
TACO_clean/Tissues/000059.jpg,Tissues
TACO_clean/Paper bag/000049.JPG,Paper bag
TACO_clean/Styrofoam piece/000000.jpg,Styrofoam piece
TACO_clean/Plastic film/000041.jpg,Plastic film
TACO_clean/Drink carton/000033.jpg,Drink carton
TACO_clean/Aluminium foil/000086.JPG,Aluminium foil
TACO_clean/Glass bottle/000014.jpg,Glass bottle
TACO_clean/Plastic straw/000089.jpg,Plastic straw
TACO_clean/Tissues/000009.jpg,Tissues
TACO_clean/Plastic bottle cap/000106.JPG,Plastic bottle cap
TACO_clean/Glass bottle/000057.jpg,Glass bottle
TACO_clean/Pop tab/000074.jpg,Pop tab
TACO_clean/Normal paper/000065.jpg,Normal paper
TACO_clean/Normal paper/000049.JPG,Normal paper
TACO_clean/Other plastic wrapper/000043.jpg,Other plastic wrapper
TACO_clean/Other plastic/000060.jpg,Other plastic
TACO_clean/Plastic straw/000024.JPG,Plastic straw
TACO_clean/Wrapping paper/000026.jpg,Wrapping paper
TACO_clean/Metal bottle cap/000054.jpg,Metal bottle cap
TACO_clean/Other plastic/000028.jpg,Other plastic
TACO_clean/Plastic film/000002.jpg,Plastic film
TACO_clean/Rope & strings/000067.jpg,Rope & strings
TACO_clean/Drink can/000004.jpg,Drink can
TACO_clean/Plastic lid/000086.jpg,Plastic lid
TACO_clean/Styrofoam piece/000071.jpg,Styrofoam piece
TACO_clean/Plastic lid/000059.jpg,Plastic lid
TACO_clean/Styrofoam piece/000004.jpg,Styrofoam piece
TACO_clean/Plastic utensils/000011.JPG,Plastic utensils
TACO_clean/Plastic film/000008.jpg,Plastic film
TACO_clean/Other plastic wrapper/000045.jpg,Other plastic wrapper
TACO_clean/Other plastic wrapper/000015.jpg,Other plastic wrapper
TACO_clean/Drink can/000035.jpg,Drink can
TACO_clean/Plastic film/000108.JPG,Plastic film
TACO_clean/Normal paper/000115.JPG,Normal paper
TACO_clean/Other plastic bottle/000051.jpg,Other plastic bottle
TACO_clean/Disposable plastic cup/000047.jpg,Disposable plastic cup
TACO_clean/Plastic utensils/IMG_4928.JPG,Plastic utensils
TACO_clean/Cigarette/000071.JPG,Cigarette
TACO_clean/Unlabeled litter/000047.jpg,Unlabeled litter
TACO_clean/Rope & strings/000030.jpg,Rope & strings
TACO_clean/Plastic straw/000047.jpg,Plastic straw
TACO_clean/Disposable plastic cup/000052.jpg,Disposable plastic cup
TACO_clean/Pop tab/000043.jpg,Pop tab
TACO_clean/Pop tab/000062.JPG,Pop tab
TACO_clean/Cigarette/000091.jpg,Cigarette
TACO_clean/Glass bottle/IMG_4994.JPG,Glass bottle
TACO_clean/Unlabeled litter/IMG_4948.JPG,Unlabeled litter
TACO_clean/Unlabeled litter/IMG_4928.JPG,Unlabeled litter
TACO_clean/Other carton/000075.jpg,Other carton
TACO_clean/Plastic film/000058.jpg,Plastic film
TACO_clean/Clear plastic bottle/000065.JPG,Clear plastic bottle
TACO_clean/Tissues/000035.jpg,Tissues
TACO_clean/Plastic film/000089.jpg,Plastic film
TACO_clean/Drink can/000034.jpg,Drink can
TACO_clean/Paper cup/IMG_4969.JPG,Paper cup
TACO_clean/Other plastic bottle/000089.jpg,Other plastic bottle
TACO_clean/Tissues/000029.jpg,Tissues
TACO_clean/Disposable plastic cup/000042.jpg,Disposable plastic cup
TACO_clean/Drink can/000066.jpg,Drink can
TACO_clean/Clear plastic bottle/000079.jpg,Clear plastic bottle
TACO_clean/Styrofoam piece/000124.JPG,Styrofoam piece
TACO_clean/Plastic bottle cap/000073.jpg,Plastic bottle cap
TACO_clean/Pop tab/000016.JPG,Pop tab
TACO_clean/Foam cup/000066.JPG,Foam cup
TACO_clean/Glass bottle/000034.JPG,Glass bottle
TACO_clean/Pop tab/000051.JPG,Pop tab
TACO_clean/Scrap metal/000084.jpg,Scrap metal
TACO_clean/Plastic film/000026.jpg,Plastic film
TACO_clean/Pop tab/000011.JPG,Pop tab
TACO_clean/Styrofoam piece/000045.jpg,Styrofoam piece
TACO_clean/Corrugated carton/000004.jpg,Corrugated carton
TACO_clean/Clear plastic bottle/000125.JPG,Clear plastic bottle
TACO_clean/Single-use carrier bag/IMG_4913.JPG,Single-use carrier bag
TACO_clean/Rope & strings/000070.jpg,Rope & strings
TACO_clean/Crisp packet/000056.JPG,Crisp packet
TACO_clean/Other plastic/000043.jpg,Other plastic
TACO_clean/Disposable food container/000003.JPG,Disposable food container
TACO_clean/Glass bottle/IMG_4969.JPG,Glass bottle
TACO_clean/Plastic film/000000.jpg,Plastic film
TACO_clean/Rope & strings/000075.JPG,Rope & strings
TACO_clean/Other plastic/000098.JPG,Other plastic
TACO_clean/Plastic film/000051.JPG,Plastic film
TACO_clean/Pop tab/000023.jpg,Pop tab
TACO_clean/Other plastic wrapper/IMG_4901.JPG,Other plastic wrapper
TACO_clean/Plastic lid/000052.jpg,Plastic lid
TACO_clean/Carded blister pack/000066.jpg,Carded blister pack
TACO_clean/Other plastic cup/000026.JPG,Other plastic cup
TACO_clean/Six pack rings/000010.JPG,Six pack rings
TACO_clean/Tupperware/IMG_5066.JPG,Tupperware
TACO_clean/Battery/000055.jpg,Battery
TACO_clean/Pizza box/000061.JPG,Pizza box
TACO_clean/Polypropylene bag/000026.jpg,Polypropylene bag
TACO_clean/Glass jar/IMG_4913.JPG,Glass jar
TACO_clean/Glass cup/000007.jpg,Glass cup
TACO_clean/Toilet tube/000059.jpg,Toilet tube
TACO_clean/Paper straw/000009.JPG,Paper straw
TACO_clean/Plastic glooves/000027.jpg,Plastic glooves
